characteristic,sex,raceethnicity,yearvalue(long),score(double precision),standarderror(double precision),note
Total,Female,"American Indian/Alaska Native, non-Hispanic",2000,211.0,1.4,Reporting standards not met. Either there are too few cases for a reliable estimate or the coefficient of variation (CV) is 50 percent or greater.
Total,Female,"American Indian/Alaska Native, non-Hispanic",2001,204.0,0.3,Reporting standards not met. Either there are too few cases for a reliable estimate or the coefficient of variation (CV) is 50 percent or greater.
Total,Female,"American Indian/Alaska Native, non-Hispanic",2002,217.0,0.5,Reporting standards not met. Either there are too few cases for a reliable estimate or the coefficient of variation (CV) is 50 percent or greater.
Total,Female,"American Indian/Alaska Native, non-Hispanic",2003,216.0,0.3,Reporting standards not met. Either there are too few cases for a reliable estimate or the coefficient of variation (CV) is 50 percent or greater.
Total,Female,"American Indian/Alaska Native, non-Hispanic",2004,204.0,0.3,Reporting standards not met. Either there are too few cases for a reliable estimate or the coefficient of variation (CV) is 50 percent or greater.
Total,Female,"American Indian/Alaska Native, non-Hispanic",2005,217.0,0.2,Reporting standards not met. Either there are too few cases for a reliable estimate or the coefficient of variation (CV) is 50 percent or greater.
Total,Female,"American Indian/Alaska Native, non-Hispanic",2006,204.0,0.3,Reporting standards not met. Either there are too few cases for a reliable estimate or the coefficient of variation (CV) is 50 percent or greater.
Total,Female,"American Indian/Alaska Native, non-Hispanic",2007,220.0,0.3,Reporting standards not met. Either there are too few cases for a reliable estimate or the coefficient of variation (CV) is 50 percent or greater.
Total,Female,"American Indian/Alaska Native, non-Hispanic",2008,204.0,0.3,Reporting standards not met. Either there are too few cases for a reliable estimate or the coefficient of variation (CV) is 50 percent or greater.
Total,Female,"American Indian/Alaska Native, non-Hispanic",2009,220.0,0.3,Reporting standards not met. Either there are too few cases for a reliable estimate or the coefficient of variation (CV) is 50 percent or greater.
Total,Female,"American Indian/Alaska Native, non-Hispanic",2010,204.0,0.3,Reporting standards not met. Either there are too few cases for a reliable estimate or the coefficient of variation (CV) is 50 percent or greater.
Total,Female,"American Indian/Alaska Native, non-Hispanic",2011,220.0,0.3,Reporting standards not met. Either there are too few cases for a reliable estimate or the coefficient of variation (CV) is 50 percent or greater.
Total,Female,"American Indian/Alaska Native, non-Hispanic",2012,204.0,0.3,Reporting standards not met. Either there are too few cases for a reliable estimate or the coefficient of variation (CV) is 50 percent or greater.
Total,Female,"American Indian/Alaska Native, non-Hispanic",2013,221.0,0.3,Reporting standards not met. Either there are too few cases for a reliable estimate or the coefficient of variation (CV) is 50 percent or greater.
Total - Male,Male,"American Indian/Alaska Native, non-Hispanic",2000,206.0,1.4,Reporting standards not met. Either there are too few cases for a reliable estimate or the coefficient of variation (CV) is 50 percent or greater.
Total - Male,Male,"American Indian/Alaska Native, non-Hispanic",2001,204.0,0.3,Reporting standards not met. Either there are too few cases for a reliable estimate or the coefficient of variation (CV) is 50 percent or greater.
Total - Male,Male,"American Indian/Alaska Native, non-Hispanic",2002,214.0,0.5,Reporting standards not met. Either there are too few cases for a reliable estimate or the coefficient of variation (CV) is 50 percent or greater.
Total - Male,Male,"American Indian/Alaska Native, non-Hispanic",2003,213.0,0.3,Reporting standards not met. Either there are too few cases for a reliable estimate or the coefficient of variation (CV) is 50 percent or greater.
Total - Male,Male,"American Indian/Alaska Native, non-Hispanic",2004,204.0,0.3,Reporting standards not met. Either there are too few cases for a reliable estimate or the coefficient of variation (CV) is 50 percent or greater.
Total - Male,Male,"American Indian/Alaska Native, non-Hispanic",2005,214.0,0.2,Reporting standards not met. Either there are too few cases for a reliable estimate or the coefficient of variation (CV) is 50 percent or greater.
Total - Male,Male,"American Indian/Alaska Native, non-Hispanic",2006,204.0,0.3,Reporting standards not met. Either there are too few cases for a reliable estimate or the coefficient of variation (CV) is 50 percent or greater.
Total - Male,Male,"American Indian/Alaska Native, non-Hispanic",2007,216.0,0.3,Reporting standards not met. Either there are too few cases for a reliable estimate or the coefficient of variation (CV) is 50 percent or greater.
Total - Male,Male,"American Indian/Alaska Native, non-Hispanic",2008,204.0,0.3,Reporting standards not met. Either there are too few cases for a reliable estimate or the coefficient of variation (CV) is 50 percent or greater.
Total - Male,Male,"American Indian/Alaska Native, non-Hispanic",2009,216.0,0.3,Reporting standards not met. Either there are too few cases for a reliable estimate or the coefficient of variation (CV) is 50 percent or greater.
Total - Male,Male,"American Indian/Alaska Native, non-Hispanic",2010,204.0,0.3,Reporting standards not met. Either there are too few cases for a reliable estimate or the coefficient of variation (CV) is 50 percent or greater.
Total - Male,Male,"American Indian/Alaska Native, non-Hispanic",2011,217.0,0.3,Reporting standards not met. Either there are too few cases for a reliable estimate or the coefficient of variation (CV) is 50 percent or greater.
Total - Male,Male,"American Indian/Alaska Native, non-Hispanic",2012,204.0,0.3,Reporting standards not met. Either there are too few cases for a reliable estimate or the coefficient of variation (CV) is 50 percent or greater.
Total - Male,Male,"American Indian/Alaska Native, non-Hispanic",2013,217.0,0.3,Reporting standards not met. Either there are too few cases for a reliable estimate or the coefficient of variation (CV) is 50 percent or greater.
Total - Female,Female,"American Indian/Alaska Native, non-Hispanic",2000,217.0,1.6,Reporting standards not met. Either there are too few cases for a reliable estimate or the coefficient of variation (CV) is 50 percent or greater.
Total - Female,Female,"American Indian/Alaska Native, non-Hispanic",2001,204.0,0.3,Reporting standards not met. Either there are too few cases for a reliable estimate or the coefficient of variation (CV) is 50 percent or greater.
Total - Female,Female,"American Indian/Alaska Native, non-Hispanic",2002,220.0,0.5,Reporting standards not met. Either there are too few cases for a reliable estimate or the coefficient of variation (CV) is 50 percent or greater.
Total - Female,Female,"American Indian/Alaska Native, non-Hispanic",2003,220.0,0.3,Reporting standards not met. Either there are too few cases for a reliable estimate or the coefficient of variation (CV) is 50 percent or greater.
Total - Female,Female,"American Indian/Alaska Native, non-Hispanic",2004,204.0,0.3,Reporting standards not met. Either there are too few cases for a reliable estimate or the coefficient of variation (CV) is 50 percent or greater.
Total - Female,Female,"American Indian/Alaska Native, non-Hispanic",2005,220.0,0.3,Reporting standards not met. Either there are too few cases for a reliable estimate or the coefficient of variation (CV) is 50 percent or greater.
Total - Female,Female,"American Indian/Alaska Native, non-Hispanic",2006,204.0,0.3,Reporting standards not met. Either there are too few cases for a reliable estimate or the coefficient of variation (CV) is 50 percent or greater.
Total - Female,Female,"American Indian/Alaska Native, non-Hispanic",2007,223.0,0.3,Reporting standards not met. Either there are too few cases for a reliable estimate or the coefficient of variation (CV) is 50 percent or greater.
Total - Female,Female,"American Indian/Alaska Native, non-Hispanic",2008,204.0,0.3,Reporting standards not met. Either there are too few cases for a reliable estimate or the coefficient of variation (CV) is 50 percent or greater.
Total - Female,Female,"American Indian/Alaska Native, non-Hispanic",2009,223.0,0.3,Reporting standards not met. Either there are too few cases for a reliable estimate or the coefficient of variation (CV) is 50 percent or greater.
Total - Female,Female,"American Indian/Alaska Natie, non-Hispanic",2010,204.0,0.3,Reporting standards not met. Either there are too few cases for a reliable estimate or the coefficient of variation (CV) is 50 percent or greater.
Total - Female,Female,"American Indian/Alaska Native, non-Hispanic",2011,223.0,0.4,Reporting standards not met. Either there are too few cases for a reliable estimate or the coefficient of variation (CV) is 50 percent or greater.
Total - Female,Female,"American Indian/Alaska Native, non-Hispanic",2012,204.0,0.3,Reporting standards not met. Either there are too few cases for a reliable estimate or the coefficient of variation (CV) is 50 percent or greater.
Total - Female,Female,"American Indian/Alaska Native, non-Hispanic",2013,224.0,0.3,Reporting standards not met. Either there are too few cases for a reliable estimate or the coefficient of variation (CV) is 50 percent or greater.
Total - Male,Female,"White, non-Hispanic",2000,223.0,1.2,Reporting standards not met. Either there are too few cases for a reliable estimate or the coefficient of variation (CV) is 50 percent or greater.
Total,Female,"White, non-Hispanic",2001,204.0,0.3,Reporting standards not met. Either there are too few cases for a reliable estimate or the coefficient of variation (CV) is 50 percent or greater.
Total - Male,Female,"White, non-Hispanic",2002,227.0,0.3,Reporting standards not met. Either there are too few cases for a reliable estimate or the coefficient of variation (CV) is 50 percent or greater.
Total,Female,"White, non-Hispanic",2003,227.0,0.2,Reporting standards not met. Either there are too few cases for a reliable estimate or the coefficient of variation (CV) is 50 percent or greater.
Total,Female,"White, non-Hispanic",2004,204.0,0.3,Reporting standards not met. Either there are too few cases for a reliable estimate or the coefficient of variation (CV) is 50 percent or greater.
Total - Male,Female,"White, non-Hispanic",2005,228.0,0.2,Reporting standards not met. Either there are too few cases for a reliable estimate or the coefficient of variation (CV) is 50 percent or greater.
Total,Female,"White, non-Hispanic",2006,204.0,0.3,Reporting standards not met. Either there are too few cases for a reliable estimate or the coefficient of variation (CV) is 50 percent or greater.
Total,Female,"White, non-Hispanic",2007,230.0,0.2,Reporting standards not met. Either there are too few cases for a reliable estimate or the coefficient of variation (CV) is 50 percent or greater.
Total - Female,Female,"White, non-Hispanic",2008,204.0,0.3,Reporting standards not met. Either there are too few cases for a reliable estimate or the coefficient of variation (CV) is 50 percent or greater.
Total,Female,"White, non-Hispanic",2009,229.0,0.3,Reporting standards not met. Either there are too few cases for a reliable estimate or the coefficient of variation (CV) is 50 percent or greater.
Total,Female,"White, non-Hispanic",2010,204.0,0.3,Reporting standards not met. Either there are too few cases for a reliable estimate or the coefficient of variation (CV) is 50 percent or greater.
"Total - White, non-Hispanic",Female,"White, non-Hispanic",2011,230.0,0.3,Reporting standards not met. Either there are too few cases for a reliable estimate or the coefficient of variation (CV) is 50 percent or greater.
Total,Female,"White, non-Hispanic",2012,204.0,0.3,Reporting standards not met. Either there are too few cases for a reliable estimate or the coefficient of variation (CV) is 50 percent or greater.
Total,Female,"White, non-Hispanic",2013,231.0,0.3,Reporting standards not met. Either there are too few cases for a reliable estimate or the coefficient of variation (CV) is 50 percent or greater.
Total,Female,"Black, non-Hispanic",2000,189.0,1.9,Reporting standards not met. Either there are too few cases for a reliable estimate or the coefficient of variation (CV) is 50 percent or greater.
Total,Female,"Black, non-Hispanic",2001,204.0,0.3,Reporting standards not met. Either there are too few cases for a reliable estimate or the coefficient of variation (CV) is 50 percent or greater.
Total - Female,Female,"Black, non-Hispanic",2002,198.0,0.6,Reporting standards not met. Either there are too few cases for a reliable estimate or the coefficient of variation (CV) is 50 percent or greater.
Total,Female,"Black, non-Hispanic",2003,197.0,0.4,Reporting standards not met. Either there are too few cases for a reliable estimate or the coefficient of variation (CV) is 50 percent or greater.
Total,Female,"Black, non-Hispanic",2004,204.0,0.3,Reporting standards not met. Either there are too few cases for a reliable estimate or the coefficient of variation (CV) is 50 percent or greater.
Total,Female,"Black, non-Hispanic",2005,199.0,0.3,Reporting standards not met. Either there are too few cases for a reliable estimate or the coefficient of variation (CV) is 50 percent or greater.
Total - Male,Female,"Black, non-Hispanic",2006,204.0,0.3,Reporting standards not met. Either there are too few cases for a reliable estimate or the coefficient of variation (CV) is 50 percent or greater.
Total,Female,"Black, non-Hispanic",2007,203.0,0.4,Reporting standards not met. Either there are too few cases for a reliable estimate or the coefficient of variation (CV) is 50 percent or greater.
Total,Female,"Black, non-Hispanic",2008,204.0,0.3,Reporting standards not met. Either there are too few cases for a reliable estimate or the coefficient of variation (CV) is 50 percent or greater.
Total - Female,Female,"Black, non-Hispanic",2009,204.0,0.5,Reporting standards not met. Either there are too few cases for a reliable estimate or the coefficient of variation (CV) is 50 percent or greater.
"Total - Black, non-Hispanic",Female,"Black, non-Hispanic",2010,204.0,0.3,Reporting standards not met. Either there are too few cases for a reliable estimate or the coefficient of variation (CV) is 50 percent or greater.
Total,Female,"Black, non-Hispanic",2011,205.0,0.4,Reporting standards not met. Either there are too few cases for a reliable estimate or the coefficient of variation (CV) is 50 percent or greater.
Total,Female,"Black, non-Hispanic",2012,204.0,0.3,Reporting standards not met. Either there are too few cases for a reliable estimate or the coefficient of variation (CV) is 50 percent or greater.
Total - Male,Female,"Black, non-Hispanic",2013,205.0,0.5,Reporting standards not met. Either there are too few cases for a reliable estimate or the coefficient of variation (CV) is 50 percent or greater.
Total - Female,Female,Hispanic,2000,188.0,3.1,Reporting standards not met. Either there are too few cases for a reliable estimate or the coefficient of variation (CV) is 50 percent or greater.
Total - Hispanic,Female,Hispanic,2001,204.0,0.3,Reporting standards not met. Either there are too few cases for a reliable estimate or the coefficient of variation (CV) is 50 percent or greater.
Total - Male,Female,Hispanic,2002,199.0,1.4,Reporting standards not met. Either there are too few cases for a reliable estimate or the coefficient of variation (CV) is 50 percent or greater.
Total - Male,Female,Hispanic,2003,199.0,0.6,Reporting standards not met. Either there are too few cases for a reliable estimate or the coefficient of variation (CV) is 50 percent or greater.
Total,Female,Hispanic,2004,204.0,0.3,Reporting standards not met. Either there are too few cases for a reliable estimate or the coefficient of variation (CV) is 50 percent or greater.
Total - Male,Female,Hispanic,2005,201.0,0.5,Reporting standards not met. Either there are too few cases for a reliable estimate or the coefficient of variation (CV) is 50 percent or greater.
Total - Hispanic,Female,Hispanic,2006,204.0,0.3,Reporting standards not met. Either there are too few cases for a reliable estimate or the coefficient of variation (CV) is 50 percent or greater.
Total,Female,Hispanic,2007,204.0,0.5,Reporting standards not met. Either there are too few cases for a reliable estimate or the coefficient of variation (CV) is 50 percent or greater.
Total - Male,Female,Hispanic,2008,204.0,0.3,Reporting standards not met. Either there are too few cases for a reliable estimate or the coefficient of variation (CV) is 50 percent or greater.
Total - Male,Female,Hispanic,2009,204.0,0.5,Reporting standards not met. Either there are too few cases for a reliable estimate or the coefficient of variation (CV) is 50 percent or greater.
Total,Female,Hispanic,2010,204.0,0.3,Reporting standards not met. Either there are too few cases for a reliable estimate or the coefficient of variation (CV) is 50 percent or greater.
Total,Female,Hispanic,2011,205.0,0.5,Reporting standards not met. Either there are too few cases for a reliable estimate or the coefficient of variation (CV) is 50 percent or greater.
Total,Female,Hispanic,2012,204.0,0.3,Reporting standards not met. Either there are too few cases for a reliable estimate or the coefficient of variation (CV) is 50 percent or greater.
Total - Hispanic,Female,Hispanic,2013,207.0,0.5,Reporting standards not met. Either there are too few cases for a reliable estimate or the coefficient of variation (CV) is 50 percent or greater.
"Total - Asian, non-Hispanic",Female,"Asian, non-Hispanic",2000,223.0,5.7,Reporting standards not met. Either there are too few cases for a reliable estimate or the coefficient of variation (CV) is 50 percent or greater.
Total,Female,"Asian, non-Hispanic",2001,204.0,0.3,Reporting standards not met. Either there are too few cases for a reliable estimate or the coefficient of variation (CV) is 50 percent or greater.
"Total - Asian, non-Hispanic",Female,"Asian, non-Hispanic",2002,223.0,1.7,Reporting standards not met. Either there are too few cases for a reliable estimate or the coefficient of variation (CV) is 50 percent or greater.
Total - Male,Female,"Asian, non-Hispanic",2003,225.0,1.3,Reporting standards not met. Either there are too few cases for a reliable estimate or the coefficient of variation (CV) is 50 percent or greater.
Total,Female,"Asian, non-Hispanic",2004,204.0,0.3,Reporting standards not met. Either there are too few cases for a reliable estimate or the coefficient of variation (CV) is 50 percent or greater.
Total,Female,"Asian, non-Hispanic",2005,227.0,0.8,Reporting standards not met. Either there are too few cases for a reliable estimate or the coefficient of variation (CV) is 50 percent or greater.
Total,Female,"Asian, non-Hispanic",2006,204.0,0.3,Reporting standards not met. Either there are too few cases for a reliable estimate or the coefficient of variation (CV) is 50 percent or greater.
"Total - Asian, non-Hispanic",Female,"Asian, non-Hispanic",2007,231.0,1.0,Reporting standards not met. Either there are too few cases for a reliable estimate or the coefficient of variation (CV) is 50 percent or greater.
"Total - Asian, non-Hispanic",Female,"Asian, non-Hispanic",2008,204.0,0.3,Reporting standards not met. Either there are too few cases for a reliable estimate or the coefficient of variation (CV) is 50 percent or greater.
Total - Male,Female,"Asian, non-Hispanic",2009,234.0,1.1,Reporting standards not met. Either there are too few cases for a reliable estimate or the coefficient of variation (CV) is 50 percent or greater.
Total,Female,"Asian, non-Hispanic",2010,204.0,0.3,Reporting standards not met. Either there are too few cases for a reliable estimate or the coefficient of variation (CV) is 50 percent or greater.
Total,Female,"Asian, non-Hispanic",2011,236.0,1.3,Reporting standards not met. Either there are too few cases for a reliable estimate or the coefficient of variation (CV) is 50 percent or greater.
Total,Female,"Asian, non-Hispanic",2012,204.0,0.3,Reporting standards not met. Either there are too few cases for a reliable estimate or the coefficient of variation (CV) is 50 percent or greater.
Total,Female,"Asian, non-Hispanic",2013,237.0,1.1,Reporting standards not met. Either there are too few cases for a reliable estimate or the coefficient of variation (CV) is 50 percent or greater.
Total - Male,Female,"Pacific Islander, non-Hispanic",2000,204.0,0.3,Reporting standards not met. Either there are too few cases for a reliable estimate or the coefficient of variation (CV) is 50 percent or greater.
Total,Female,"Pacific Islander, non-Hispanic",2001,204.0,0.3,Reporting standards not met. Either there are too few cases for a reliable estimate or the coefficient of variation (CV) is 50 percent or greater.
"Total - Pacific Islander, non-Hispanic",Female,"Pacific Islander, non-Hispanic",2002,204.0,0.3,Reporting standards not met. Either there are too few cases for a reliable estimate or the coefficient of variation (CV) is 50 percent or greater.
Total,Female,"Pacific Islander, non-Hispanic",2003,204.0,0.3,Reporting standards not met. Either there are too few cases for a reliable estimate or the coefficient of variation (CV) is 50 percent or greater.
"Total - Pacific Islander, non-Hispanic",Female,"Pacifi Islander, non-Hispanic",2004,204.0,0.3,Reporting standards not met. Either there are too few cases for a reliable estimate or the coefficient of variation (CV) is 50 percent or greater.
"Total - Pacific Islander, non-Hispanic",Female,"Pacific Islahnder, non-Hispanic",2005,204.0,0.3,Reporting standards not met. Either there are too few cases for a reliable estimate or the coefficient of variation (CV) is 50 percent or greater.
Total - Hispanic,Female,"Pacific Islander, non-Hispanic",2006,204.0,0.3,Reporting standards not met. Either there are too few cases for a reliable estimate or the coefficient of variation (CV) is 50 percent or greater.
Total,Female,"Pacific Islander, non-Hispanic",2007,204.0,0.3,Reporting standards not met. Either there are too few cases for a reliable estimate or the coefficient of variation (CV) is 50 percent or greater.
Total,Female,"Pacific Islander, non-Hispanic",2008,204.0,0.3,Reporting standards not met. Either there are too few cases for a reliable estimate or the coefficient of variation (CV) is 50 percent or greater.
Total - Male,Female,"Pacific Islander, non-Hispanic",2009,204.0,0.3,Reporting standards not met. Either there are too few cases for a reliable estimate or the coefficient of variation (CV) is 50 percent or greater.
Total,Female,"Pacific Islander, non-Hispanic",2010,204.0,0.3,Reporting standards not met. Either there are too few cases for a reliable estimate or the coefficient of variation (CV) is 50 percent or greater.
Total,Female,"Pacific Islander, non-Hispanic",2011,214.0,1.8,Reporting standards not met. Either there are too few cases for a reliable estimate or the coefficient of variation (CV) is 50 percent or greater.
Total,Female,"Pacific Islander, non-Hispanic",2012,204.0,0.3,Reporting standards not met. Either there are too few cases for a reliable estimate or the coefficient of variation (CV) is 50 percent or greater.
Total - Hispanic,Female,"Pacific Islander, non-Hispanic",2013,210.0,2.5,Reporting standards not met. Either there are too few cases for a reliable estimate or the coefficient of variation (CV) is 50 percent or greater.
"Total - American Indian/Alaska Native, non-Hispanic",Female,"American Indian/Alaska Native, non-Hispanic",2000,204.0,0.3,Reporting standards not met. Either there are too few cases for a reliable estimate or the coefficient of variation (CV) is 50 percent or greater.
"Total - Asian, non-Hispanic",Female,"American Indian/Alaska Native, non-Hispanic",2001,204.0,0.3,Reporting standards not met. Either there are too few cases for a reliable estimate or the coefficient of variation (CV) is 50 percent or greater.
"Total - American Indian/Alaska Native, non-Hispanic",Female,"dAmerican Indian/Alaska Native, non-Hispanic",2002,207.0,2.0,Reporting standards not met. Either there are too few cases for a reliable estimate or the coefficient of variation (CV) is 50 percent or greater.
"Total - American Indian/Alaska Native, non-Hispanic",Female,"Aerican Indian/Alaska Native, non-Hispanic",2003,202.0,1.4,Reporting standards not met. Either there are too few cases for a reliable estimate or the coefficient of variation (CV) is 50 percent or greater.
Total - Hispanic,Female,"American Indian/Alaska Native, non-Hispanic",2004,204.0,0.3,Reporting standards not met. Either there are too few cases for a reliable estimate or the coefficient of variation (CV) is 50 percent or greater.
"Total - American Indian/Alaska Native, non-Hispanic",Female,"American Indian/Alaska Native, non-Hispanic",2005,205.0,1.3,Reporting standards not met. Either there are too few cases for a reliable estimate or the coefficient of variation (CV) is 50 percent or greater.
"Total - White, non-Hispanic",Female,"American Indian/Alaska Native, non-Hispanic",2006,204.0,0.3,Reporting standards not met. Either there are too few cases for a reliable estimate or the coefficient of variation (CV) is 50 percent or greater.
"Total - American Indian/Alaska Native, non-Hispanic",Female,"American Indian/Alaska Nattive, non-Hispanic",2007,206.0,1.2,Reporting standards not met. Either there are too few cases for a reliable estimate or the coefficient of variation (CV) is 50 percent or greater.
"Total - American Indian/Alaska Native, non-Hispanic",Female,"American Indian/Alaska Natiev, non-Hispanic",2008,204.0,0.3,Reporting standards not met. Either there are too few cases for a reliable estimate or the coefficient of variation (CV) is 50 percent or greater.
"Total - American Indian/Alaska Native, non-Hispanic",Female,"American Indian/Alaksa Native, non-Hispanic",2009,206.0,1.2,Reporting standards not met. Either there are too few cases for a reliable estimate or the coefficient of variation (CV) is 50 percent or greater.
"Total - American Indian/Alaska Native, non-Hispanic",Female,"American Indian/Alaska Natqive, non-Hispanic",2010,204.0,0.3,Reporting standards not met. Either there are too few cases for a reliable estimate or the coefficient of variation (CV) is 50 percent or greater.
"Total - American Indian/Alaska Native, non-Hispanic",Female,"Amrican Indian/Alaska Native, non-Hispanic",2011,204.0,1.3,Reporting standards not met. Either there are too few cases for a reliable estimate or the coefficient of variation (CV) is 50 percent or greater.
"Total - American Indian/Alaska Native, non-Hispanic",Female,"American Indin/Alaska Native, non-Hispanic",2012,204.0,0.3,Reporting standards not met. Either there are too few cases for a reliable estimate or the coefficient of variation (CV) is 50 percent or greater.
Total - Hispanic,Female,"American Indian/Alaska Native, non-Hispanic",2013,206.0,1.5,Reporting standards not met. Either there are too few cases for a reliable estimate or the coefficient of variation (CV) is 50 percent or greater.
"Total - Two or more races, non-Hispanic",Female,"Two or more races, non-Hispanic",2000,204.0,0.3,Reporting standards not met. Either there are too few cases for a reliable estimate or the coefficient of variation (CV) is 50 percent or greater.
Total,Female,"Two or more races, non-Hispanic",2001,204.0,0.3,Reporting standards not met. Either there are too few cases for a reliable estimate or the coefficient of variation (CV) is 50 percent or greater.
Total,Female,"Two or more races, non-Hispanic",2002,204.0,0.3,Reporting standards not met. Either there are too few cases for a reliable estimate or the coefficient of variation (CV) is 50 percent or greater.
Total - Female,Female,"Two or more races, non-Hispanic",2003,204.0,0.3,Reporting standards not met. Either there are too few cases for a reliable estimate or the coefficient of variation (CV) is 50 percent or greater.
"Total - Two or more races, non-Hispanic",Female,"Two or more race, non-Hispanic",2004,204.0,0.3,Reporting standards not met. Either there are too few cases for a reliable estimate or the coefficient of variation (CV) is 50 percent or greater.
Total - Male,Female,"Two or more races, non-Hispanic",2005,204.0,0.3,Reporting standards not met. Either there are too few cases for a reliable estimate or the coefficient of variation (CV) is 50 percent or greater.
Total - Male,Female,"Two or more races, non-Hispanic",2006,204.0,0.3,Reporting standards not met. Either there are too few cases for a reliable estimate or the coefficient of variation (CV) is 50 percent or greater.
Total,Female,"Two or more races, non-Hispanic",2007,204.0,0.3,Reporting standards not met. Either there are too few cases for a reliable estimate or the coefficient of variation (CV) is 50 percent or greater.
Total - Male,Female,"Two or more races, non-Hispanic",2008,204.0,0.3,Reporting standards not met. Either there are too few cases for a reliable estimate or the coefficient of variation (CV) is 50 percent or greater.
Total,Female,"Two or more races, non-Hispanic",2009,204.0,0.3,Reporting standards not met. Either there are too few cases for a reliable estimate or the coefficient of variation (CV) is 50 percent or greater.
Total,Female,"Two or more races, non-Hispanic",2010,204.0,0.3,Reporting standards not met. Either there are too few cases for a reliable estimate or the coefficient of variation (CV) is 50 percent or greater.
Total,Female,"Two or more races, non-Hispanic",2011,225.0,1.3,Reporting standards not met. Either there are too few cases for a reliable estimate or the coefficient of variation (CV) is 50 percent or greater.
Total,Female,"Two or more races, non-Hispanic",2012,204.0,0.3,Reporting standards not met. Either there are too few cases for a reliable estimate or the coefficient of variation (CV) is 50 percent or greater.
Total - Female,Female,"Two or more races, non-Hispanic",2013,225.0,1.0,Reporting standards not met. Either there are too few cases for a reliable estimate or the coefficient of variation (CV) is 50 percent or greater.
Total,Male,"White, non-Hispanic",2000,218.0,1.3,Reporting standards not met. Either there are too few cases for a reliable estimate or the coefficient of variation (CV) is 50 percent or greater.
Total - Female,Male,"White, non-Hispanic",2001,204.0,0.3,Reporting standards not met. Either there are too few cases for a reliable estimate or the coefficient of variation (CV) is 50 percent or greater.
Total,Male,"White, non-Hispanic",2002,224.0,0.4,Reporting standards not met. Either there are too few cases for a reliable estimate or the coefficient of variation (CV) is 50 percent or greater.
Total,Male,"White, non-Hispanic",2003,223.0,0.3,Reporting standards not met. Either there are too few cases for a reliable estimate or the coefficient of variation (CV) is 50 percent or greater.
Total - Male,Male,"White, non-Hispanic",2004,204.0,0.3,Reporting standards not met. Either there are too few cases for a reliable estimate or the coefficient of variation (CV) is 50 percent or greater.
Total - Male,Male,"White, non-Hispanic",2005,225.0,0.3,Reporting standards not met. Either there are too few cases for a reliable estimate or the coefficient of variation (CV) is 50 percent or greater.
Total,Male,"White, non-Hispanic",2006,204.0,0.3,Reporting standards not met. Either there are too few cases for a reliable estimate or the coefficient of variation (CV) is 50 percent or greater.
Total - Female,Male,"White, non-Hispanic",2007,227.0,0.3,Reporting standards not met. Either there are too few cases for a reliable estimate or the coefficient of variation (CV) is 50 percent or greater.
Total - Hispanic,Male,"White, non-Hispanic",2008,204.0,0.3,Reporting standards not met. Either there are too few cases for a reliable estimate or the coefficient of variation (CV) is 50 percent or greater.
Total - Male,Male,"White, non-Hispanic",2009,226.0,0.3,Reporting standards not met. Either there are too few cases for a reliable estimate or the coefficient of variation (CV) is 50 percent or greater.
Total - Male,Male,"White, non-Hispanic",2010,204.0,0.3,Reporting standards not met. Either there are too few cases for a reliable estimate or the coefficient of variation (CV) is 50 percent or greater.
Total - Female,Male,"White, non-Hispanic",2011,227.0,0.3,Reporting standards not met. Either there are too few cases for a reliable estimate or the coefficient of variation (CV) is 50 percent or greater.
Total,Male,"White, non-Hispanic",2012,204.0,0.3,Reporting standards not met. Either there are too few cases for a reliable estimate or the coefficient of variation (CV) is 50 percent or greater.
Total - Male,Male,"White, non-Hispanic",2013,228.0,0.3,Reporting standards not met. Either there are too few cases for a reliable estimate or the coefficient of variation (CV) is 50 percent or greater.
Total - Female,Male,"Black, non-Hispanic",2000,180.0,2.7,Reporting standards not met. Either there are too few cases for a reliable estimate or the coefficient of variation (CV) is 50 percent or greater.
Total,Male,"Black, non-Hispanic",2001,204.0,0.3,Reporting standards not met. Either there are too few cases for a reliable estimate or the coefficient of variation (CV) is 50 percent or greater.
Total - Hispanic,Male,"Black, non-Hispanic",2002,193.0,0.6,Reporting standards not met. Either there are too few cases for a reliable estimate or the coefficient of variation (CV) is 50 percent or greater.
Total,Male,"Black, non-Hispanic",2003,192.0,0.5,Reporting standards not met. Either there are too few cases for a reliable estimate or the coefficient of variation (CV) is 50 percent or greater.
Total - Female,Male,"Black, non-Hispanic",2004,204.0,0.3,Reporting standards not met. Either there are too few cases for a reliable estimate or the coefficient of variation (CV) is 50 percent or greater.
Total - Male,Male,"Black, non-Hispanic",2005,194.0,0.4,Reporting standards not met. Either there are too few cases for a reliable estimate or the coefficient of variation (CV) is 50 percent or greater.
Total - Female,Male,"Black, non-Hispanic",2006,204.0,0.3,Reporting standards not met. Either there are too few cases for a reliable estimate or the coefficient of variation (CV) is 50 percent or greater.
Total - Male,Male,"Black, non-Hispanic",2007,199.0,0.5,Reporting standards not met. Either there are too few cases for a reliable estimate or the coefficient of variation (CV) is 50 percent or greater.
Total,Male,"Black, non-Hispanic",2008,204.0,0.3,Reporting standards not met. Either there are too few cases for a reliable estimate or the coefficient of variation (CV) is 50 percent or greater.
Total - Male,Male,"Black, non-Hispanic",2009,199.0,0.6,Reporting standards not met. Either there are too few cases for a reliable estimate or the coefficient of variation (CV) is 50 percent or greater.
Total,Male,"Black, non-Hispanic",2010,204.0,0.3,Reporting standards not met. Either there are too few cases for a reliable estimate or the coefficient of variation (CV) is 50 percent or greater.
"Black, non-Hispanic",Male,"Black, non-Hispanic",2011,200.0,0.5,Reporting standards not met. Either there are too few cases for a reliable estimate or the coefficient of variation (CV) is 50 percent or greater.
Total,Male,"Black, non-Hispanic",2012,204.0,0.3,Reporting standards not met. Either there are too few cases for a reliable estimate or the coefficient of variation (CV) is 50 percent or greater.
Total - Male,Male,"Black, non-Hispanic",2013,200.0,0.6,Reporting standards not met. Either there are too few cases for a reliable estimate or the coefficient of variation (CV) is 50 percent or greater.
Total,Male,Hispanic,2000,182.0,3.2,Reporting standards not met. Either there are too few cases for a reliable estimate or the coefficient of variation (CV) is 50 percent or greater.
Hispanic,Male,Hispatnic,2001,204.0,0.3,Reporting standards not met. Either there are too few cases for a reliable estimate or the coefficient of variation (CV) is 50 percent or greater.
Hispanic,Male,Hispanic,2002,197.0,1.4,Reporting standards not met. Either there are too few cases for a reliable estimate or the coefficient of variation (CV) is 50 percent or greater.
Hispanic,Male,Hispanic,2003,196.0,0.8,Reporting standards not met. Either there are too few cases for a reliable estimate or the coefficient of variation (CV) is 50 percent or greater.
Total - Female,Male,Hispanic,2004,204.0,0.3,Reporting standards not met. Either there are too few cases for a reliable estimate or the coefficient of variation (CV) is 50 percent or greater.
"Total - Asian, non-Hispanic",Male,Hispanic,2005,199.0,0.5,Reporting standards not met. Either there are too few cases for a reliable estimate or the coefficient of variation (CV) is 50 percent or greater.
Total - Female,Male,Hispanic,2006,204.0,0.3,Reporting standards not met. Either there are too few cases for a reliable estimate or the coefficient of variation (CV) is 50 percent or greater.
Total,Male,Hispanic,2007,201.0,0.6,Reporting standards not met. Either there are too few cases for a reliable estimate or the coefficient of variation (CV) is 50 percent or greater.
Hispanic,Male,Hsipanic,2008,204.0,0.3,Reporting standards not met. Either there are too few cases for a reliable estimate or the coefficient of variation (CV) is 50 percent or greater.
Total - Male,Male,Hispanic,2009,201.0,0.6,Reporting standards not met. Either there are too few cases for a reliable estimate or the coefficient of variation (CV) is 50 percent or greater.
Total - Male,Male,Hispanic,2010,204.0,0.3,Reporting standards not met. Either there are too few cases for a reliable estimate or the coefficient of variation (CV) is 50 percent or greater.
Total,Male,Hispanic,2011,203.0,0.7,Reporting standards not met. Either there are too few cases for a reliable estimate or the coefficient of variation (CV) is 50 percent or greater.
Total,Male,Hispanic,2012,204.0,0.3,Reporting standards not met. Either there are too few cases for a reliable estimate or the coefficient of variation (CV) is 50 percent or greater.
Total - Female,Male,Hispanic,2013,204.0,0.6,Reporting standards not met. Either there are too few cases for a reliable estimate or the coefficient of variation (CV) is 50 percent or greater.
"Asian, non-Hispanic",Male,"Asian, non-Hispanic",2000,218.0,6.7,Reporting standards not met. Either there are too few cases for a reliable estimate or the coefficient of variation (CV) is 50 percent or greater.
Total,Male,"Asian, non-Hispanic",2001,204.0,0.3,Reporting standards not met. Either there are too few cases for a reliable estimate or the coefficient of variation (CV) is 50 percent or greater.
Total - Male,Male,"Asian, non-Hispanic",2002,219.0,2.0,Reporting standards not met. Either there are too few cases for a reliable estimate or the coefficient of variation (CV) is 50 percent or greater.
"Asian, non-Hispanic",Male,"Asian, non-Hispanic",2003,221.0,1.8,Reporting standards not met. Either there are too few cases for a reliable estimate or the coefficient of variation (CV) is 50 percent or greater.
Total - Female,Male,"Asian, non-Hispanic",2004,204.0,0.3,Reporting standards not met. Either there are too few cases for a reliable estimate or the coefficient of variation (CV) is 50 percent or greater.
Total - Male,Male,"Asian, non-Hispanic",2005,224.0,1.1,Reporting standards not met. Either there are too few cases for a reliable estimate or the coefficient of variation (CV) is 50 percent or greater.
"Asian, non-Hispanic",Male,"Asian, non-cHispanic",2006,204.0,0.3,Reporting standards not met. Either there are too few cases for a reliable estimate or the coefficient of variation (CV) is 50 percent or greater.
Total,Male,"Asian, non-Hispanic",2007,227.0,1.2,Reporting standards not met. Either there are too few cases for a reliable estimate or the coefficient of variation (CV) is 50 percent or greater.
Total,Male,"Asian, non-Hispanic",2008,204.0,0.3,Reporting standards not met. Either there are too few cases for a reliable estimate or the coefficient of variation (CV) is 50 percent or greater.
Total,Male,"Asian, non-Hispanic",2009,229.0,1.3,Reporting standards not met. Either there are too few cases for a reliable estimate or the coefficient of variation (CV) is 50 percent or greater.
Total,Male,"Asian, non-Hispanic",2010,204.0,0.3,Reporting standards not met. Either there are too few cases for a reliable estimate or the coefficient of variation (CV) is 50 percent or greater.
Total - Female,Male,"Asian, non-Hispanic",2011,232.0,1.4,Reporting standards not met. Either there are too few cases for a reliable estimate or the coefficient of variation (CV) is 50 percent or greater.
Total - Male,Male,"Asian, non-Hispanic",2012,204.0,0.3,Reporting standards not met. Either there are too few cases for a reliable estimate or the coefficient of variation (CV) is 50 percent or greater.
Total,Male,"Asian, non-Hispanic",2013,233.0,1.4,Reporting standards not met. Either there are too few cases for a reliable estimate or the coefficient of variation (CV) is 50 percent or greater.
Total,Male,"Pacific Islander, non-Hispanic",2000,204.0,0.3,Reporting standards not met. Either there are too few cases for a reliable estimate or the coefficient of variation (CV) is 50 percent or greater.
Total - Female,Male,"Pacific Islander, non-Hispanic",2001,204.0,0.3,Reporting standards not met. Either there are too few cases for a reliable estimate or the coefficient of variation (CV) is 50 percent or greater.
Total,Male,"Pacific Islander, non-Hispanic",2002,204.0,0.3,Reporting standards not met. Either there are too few cases for a reliable estimate or the coefficient of variation (CV) is 50 percent or greater.
Total - Female,Male,"Pacific Islander, non-Hispanic",2003,204.0,0.3,Reporting standards not met. Either there are too few cases for a reliable estimate or the coefficient of variation (CV) is 50 percent or greater.
"Pacific Islander, non-Hispanic",Male,"Pacific Islander, non-Hispanic",2004,204.0,0.3,Reporting standards not met. Either there are too few cases for a reliable estimate or the coefficient of variation (CV) is 50 percent or greater.
Total - Male,Male,"Pacific Islander, non-Hispanic",2005,204.0,0.3,Reporting standards not met. Either there are too few cases for a reliable estimate or the coefficient of variation (CV) is 50 percent or greater.
Total,Male,"Pacific Islander, non-Hispanic",2006,204.0,0.3,Reporting standards not met. Either there are too few cases for a reliable estimate or the coefficient of variation (CV) is 50 percent or greater.
"Pacific Islander, non-Hispanic",Male,"Pacific Islander, non-Hispanic",2007,204.0,0.3,Reporting standards not met. Either there are too few cases for a reliable estimate or the coefficient of variation (CV) is 50 percent or greater.
Total - Male,Male,"Pacific Islander, non-Hispanic",2008,204.0,0.3,Reporting standards not met. Either there are too few cases for a reliable estimate or the coefficient of variation (CV) is 50 percent or greater.
Total,Male,"Pacific Islander, non-Hispanic",2009,204.0,0.3,Reporting standards not met. Either there are too few cases for a reliable estimate or the coefficient of variation (CV) is 50 percent or greater.
Total,Male,"Pacific Islander, non-Hispanic",2010,204.0,0.3,Reporting standards not met. Either there are too few cases for a reliable estimate or the coefficient of variation (CV) is 50 percent or greater.
Total - Male,Male,"Pacific Islander, non-Hispanic",2011,212.0,3.3,Reporting standards not met. Either there are too few cases for a reliable estimate or the coefficient of variation (CV) is 50 percent or greater.
"Pacific Islander, non-Hispanic",Male,"Pacific Islander, non-Hispanic",2012,204.0,0.3,Reporting standards not met. Either there are too few cases for a reliable estimate or the coefficient of variation (CV) is 50 percent or greater.
Total,Male,"Pacific Islander, non-Hispanic",2013,205.0,3.3,Reporting standards not met. Either there are too few cases for a reliable estimate or the coefficient of variation (CV) is 50 percent or greater.
"American Indian/Alaska Native, non-Hispanic",Male,"American Indian/Alaska Native, non-Hispanic",2000,204.0,0.3,Reporting standards not met. Either there are too few cases for a reliable estimate or the coefficient of variation (CV) is 50 percent or greater.
"American Indian/Alaska Native, non-Hispanic",Male,"American Indian/Alaska Native, non-Hispanic",2001,204.0,0.3,Reporting standards not met. Either there are too few cases for a reliable estimate or the coefficient of variation (CV) is 50 percent or greater.
"Total - Black, non-Hispanic",Male,"American Indian/Alaska Native, non-Hispanic",2002,202.0,2.8,Reporting standards not met. Either there are too few cases for a reliable estimate or the coefficient of variation (CV) is 50 percent or greater.
"American Indian/Alaska Native, non-Hispanic",Male,"American Indian/Alaska Native, non-Hispanic",2003,197.0,2.1,Reporting standards not met. Either there are too few cases for a reliable estimate or the coefficient of variation (CV) is 50 percent or greater.
"Total - White, non-Hispanic",Male,"American Indian/Alaska Native, non-Hispanic",2004,204.0,0.3,Reporting standards not met. Either there are too few cases for a reliable estimate or the coefficient of variation (CV) is 50 percent or greater.
"American Indian/Alaska Native, non-Hispanic",Male,"American Indian/Alaska Native, non-Hispanic",2005,200.0,1.4,Reporting standards not met. Either there are too few cases for a reliable estimate or the coefficient of variation (CV) is 50 percent or greater.
Total - Hispanic,Male,"American Indian/Alaska Native, non-Hispanic",2006,204.0,0.3,Reporting standards not met. Either there are too few cases for a reliable estimate or the coefficient of variation (CV) is 50 percent or greater.
"Total - Asian, non-Hispanic",Male,"American Indian/Alaska Native, non-Hispanic",2007,203.0,1.5,Reporting standards not met. Either there are too few cases for a reliable estimate or the coefficient of variation (CV) is 50 percent or greater.
Total - Hispanic,Male,"American Indian/Alaska Native, non-Hispanic",2008,204.0,0.3,Reporting standards not met. Either there are too few cases for a reliable estimate or the coefficient of variation (CV) is 50 percent or greater.
"Total - Asian, non-Hispanic",Male,"American Indian/Alaska Native, non-Hispanic",2009,203.0,2.0,Reporting standards not met. Either there are too few cases for a reliable estimate or the coefficient of variation (CV) is 50 percent or greater.
"American Indian/Alaska Native, non-Hispanic",Male,"Ameican Indian/Alaska Native, non-Hispanic",2010,204.0,0.3,Reporting standards not met. Either there are too few cases for a reliable estimate or the coefficient of variation (CV) is 50 percent or greater.
"American Indian/Alaska Native, non-Hispanic",Male,"American Idian/Alaska Native, non-Hispanic",2011,198.0,2.1,Reporting standards not met. Either there are too few cases for a reliable estimate or the coefficient of variation (CV) is 50 percent or greater.
"Total - Asian, non-Hispanic",Male,"American Indian/Alaska Native, non-Hispanic",2012,204.0,0.3,Reporting standards not met. Either there are too few cases for a reliable estimate or the coefficient of variation (CV) is 50 percent or greater.
"American Indian/Alaska Native, non-Hispanic",Male,"American Indian/Alaaska Native, non-Hispanic",2013,204.0,2.1,Reporting standards not met. Either there are too few cases for a reliable estimate or the coefficient of variation (CV) is 50 percent or greater.
Total,Male,"Two or more races, non-Hispanic",2000,204.0,0.3,Reporting standards not met. Either there are too few cases for a reliable estimate or the coefficient of variation (CV) is 50 percent or greater.
Total,Male,"Two or more races, non-Hispanic",2001,204.0,0.3,Reporting standards not met. Either there are too few cases for a reliable estimate or the coefficient of variation (CV) is 50 percent or greater.
"Total - White, non-Hispanic",Male,"Two or more races, non-Hispanic",2002,204.0,0.3,Reporting standards not met. Either there are too few cases for a reliable estimate or the coefficient of variation (CV) is 50 percent or greater.
Total,Male,"Two or more races, non-Hispanic",2003,204.0,0.3,Reporting standards not met. Either there are too few cases for a reliable estimate or the coefficient of variation (CV) is 50 percent or greater.
"Two or more races, non-Hispanic",Male,"Two or more races, non-Hispanic",2004,204.0,0.3,Reporting standards not met. Either there are too few cases for a reliable estimate or the coefficient of variation (CV) is 50 percent or greater.
"Two or more races, non-Hispanic",Male,"Two or more races, non-Hispanic",2005,204.0,0.3,Reporting standards not met. Either there are too few cases for a reliable estimate or the coefficient of variation (CV) is 50 percent or greater.
Total,Male,"Two or more races, non-Hispanic",2006,204.0,0.3,Reporting standards not met. Either there are too few cases for a reliable estimate or the coefficient of variation (CV) is 50 percent or greater.
Total,Male,"Two or more races, non-Hispanic",2007,204.0,0.3,Reporting standards not met. Either there are too few cases for a reliable estimate or the coefficient of variation (CV) is 50 percent or greater.
Total - Male,Male,"Two or more races, non-Hispanic",2008,204.0,0.3,Reporting standards not met. Either there are too few cases for a reliable estimate or the coefficient of variation (CV) is 50 percent or greater.
Total,Male,"Two or more races, non-Hispanic",2009,204.0,0.3,Reporting standards not met. Either there are too few cases for a reliable estimate or the coefficient of variation (CV) is 50 percent or greater.
Total,Male,"Two or more races, non-Hispanic",2010,204.0,0.3,Reporting standards not met. Either there are too few cases for a reliable estimate or the coefficient of variation (CV) is 50 percent or greater.
Total - Female,Male,"Two or more races, non-Hispanic",2011,222.0,1.4,Reporting standards not met. Either there are too few cases for a reliable estimate or the coefficient of variation (CV) is 50 percent or greater.
Total,Male,"Two or more races, non-Hispanic",2012,204.0,0.3,Reporting standards not met. Either there are too few cases for a reliable estimate or the coefficient of variation (CV) is 50 percent or greater.
Total,Male,"Two or more races, non-Hispanic",2013,220.0,1.3,Reporting standards not met. Either there are too few cases for a reliable estimate or the coefficient of variation (CV) is 50 percent or greater.
Total - Male,Female,"White, non-Hispanic",2000,228.0,1.5,Reporting standards not met. Either there are too few cases for a reliable estimate or the coefficient of variation (CV) is 50 percent or greater.
Total,Female,"White, non-Hispanic",2001,204.0,0.3,Reporting standards not met. Either there are too few cases for a reliable estimate or the coefficient of variation (CV) is 50 percent or greater.
Total,Female,"White, non-Hispanic",2002,231.0,0.3,Reporting standards not met. Either there are too few cases for a reliable estimate or the coefficient of variation (CV) is 50 percent or greater.
Total,Female,"White, non-Hispanic",2003,231.0,0.3,Reporting standards not met. Either there are too few cases for a reliable estimate or the coefficient of variation (CV) is 50 percent or greater.
Total,Female,"White, non-Hispanic",2004,204.0,0.3,Reporting standards not met. Either there are too few cases for a reliable estimate or the coefficient of variation (CV) is 50 percent or greater.
Total,Female,"White, non-Hispanic",2005,231.0,0.3,Reporting standards not met. Either there are too few cases for a reliable estimate or the coefficient of variation (CV) is 50 percent or greater.
Total,Female,"White, non-Hispanic",2006,204.0,0.3,Reporting standards not met. Either there are too few cases for a reliable estimate or the coefficient of variation (CV) is 50 percent or greater.
Total - Male,Female,"White, non-Hispanic",2007,233.0,0.3,Reporting standards not met. Either there are too few cases for a reliable estimate or the coefficient of variation (CV) is 50 percent or greater.
Total,Female,"White, non-Hispanic",2008,204.0,0.3,Reporting standards not met. Either there are too few cases for a reliable estimate or the coefficient of variation (CV) is 50 percent or greater.
"White, non-Hispanic",Female,"White, non-Hispanic",2009,232.0,0.3,Reporting standards not met. Either there are too few cases for a reliable estimate or the coefficient of variation (CV) is 50 percent or greater.
Total - Female,Female,"White, non-Hispanic",2010,204.0,0.3,Reporting standards not met. Either there are too few cases for a reliable estimate or the coefficient of variation (CV) is 50 percent or greater.
Total,Female,"White, non-Hispanic",2011,233.0,0.3,Reporting standards not met. Either there are too few cases for a reliable estimate or the coefficient of variation (CV) is 50 percent or greater.
"White, non-Hispanic",Female,"White, non-iHspanic",2012,204.0,0.3,Reporting standards not met. Either there are too few cases for a reliable estimate or the coefficient of variation (CV) is 50 percent or greater.
Total,Female,"White, non-Hispanic",2013,234.0,0.3,Reporting standards not met. Either there are too few cases for a reliable estimate or the coefficient of variation (CV) is 50 percent or greater.
Total - Female,Female,"Black, non-Hispanic",2000,197.0,1.7,Reporting standards not met. Either there are too few cases for a reliable estimate or the coefficient of variation (CV) is 50 percent or greater.
Total - Male,Female,"Black, non-Hispanic",2001,204.0,0.3,Reporting standards not met. Either there are too few cases for a reliable estimate or the coefficient of variation (CV) is 50 percent or greater.
Total - Male,Female,"Black, non-Hispanic",2002,202.0,0.7,Reporting standards not met. Either there are too few cases for a reliable estimate or the coefficient of variation (CV) is 50 percent or greater.
Total - Male,Female,"Black, non-Hispanic",2003,202.0,0.5,Reporting standards not met. Either there are too few cases for a reliable estimate or the coefficient of variation (CV) is 50 percent or greater.
Total - Male,Female,"Black, non-Hispanic",2004,204.0,0.3,Reporting standards not met. Either there are too few cases for a reliable estimate or the coefficient of variation (CV) is 50 percent or greater.
Total - Male,Female,"Black, non-Hispanic",2005,204.0,0.4,Reporting standards not met. Either there are too few cases for a reliable estimate or the coefficient of variation (CV) is 50 percent or greater.
Total - Male,Female,"Black, non-Hispanic",2006,204.0,0.3,Reporting standards not met. Either there are too few cases for a reliable estimate or the coefficient of variation (CV) is 50 percent or greater.
Total - Male,Female,"Black, non-Hispanic",2007,207.0,0.5,Reporting standards not met. Either there are too few cases for a reliable estimate or the coefficient of variation (CV) is 50 percent or greater.
Total,Female,"Black, non-Hispanic",2008,204.0,0.3,Reporting standards not met. Either there are too few cases for a reliable estimate or the coefficient of variation (CV) is 50 percent or greater.
Total - Male,Female,"Black, non-Hispanic",2009,209.0,0.5,Reporting standards not met. Either there are too few cases for a reliable estimate or the coefficient of variation (CV) is 50 percent or greater.
Total - Female,Female,"Black, non-Hispanic",2010,204.0,0.3,Reporting standards not met. Either there are too few cases for a reliable estimate or the coefficient of variation (CV) is 50 percent or greater.
"Black, non-Hispanic",Female,"Black, onn-Hispanic",2011,210.0,0.6,Reporting standards not met. Either there are too few cases for a reliable estimate or the coefficient of variation (CV) is 50 percent or greater.
"Black, non-Hispanic",Female,"Blcak, non-Hispanic",2012,204.0,0.3,Reporting standards not met. Either there are too few cases for a reliable estimate or the coefficient of variation (CV) is 50 percent or greater.
"Black, non-Hispanic",Female,"Black, non-Hisbpanic",2013,210.0,0.5,Reporting standards not met. Either there are too few cases for a reliable estimate or the coefficient of variation (CV) is 50 percent or greater.
Total,Female,Hispanic,2000,194.0,3.8,Reporting standards not met. Either there are too few cases for a reliable estimate or the coefficient of variation (CV) is 50 percent or greater.
Hispanic,Female,Hispanipc,2001,204.0,0.3,Reporting standards not met. Either there are too few cases for a reliable estimate or the coefficient of variation (CV) is 50 percent or greater.
Hispanic,Female,Hipanic,2002,202.0,1.5,Reporting standards not met. Either there are too few cases for a reliable estimate or the coefficient of variation (CV) is 50 percent or greater.
Hispanic,Female,Hispanic,2003,203.0,0.7,Reporting standards not met. Either there are too few cases for a reliable estimate or the coefficient of variation (CV) is 50 percent or greater.
Hispanic,Female,Hcispanic,2004,204.0,0.3,Reporting standards not met. Either there are too few cases for a reliable estimate or the coefficient of variation (CV) is 50 percent or greater.
Hispanic,Female,uHispanic,2005,204.0,0.6,Reporting standards not met. Either there are too few cases for a reliable estimate or the coefficient of variation (CV) is 50 percent or greater.
Hispanic,Female,wHispanic,2006,204.0,0.3,Reporting standards not met. Either there are too few cases for a reliable estimate or the coefficient of variation (CV) is 50 percent or greater.
Hispanic,Female,Hxispanic,2007,207.0,0.5,Reporting standards not met. Either there are too few cases for a reliable estimate or the coefficient of variation (CV) is 50 percent or greater.
Hispanic,Female,Hispnic,2008,204.0,0.3,Reporting standards not met. Either there are too few cases for a reliable estimate or the coefficient of variation (CV) is 50 percent or greater.
Hispanic,Female,nHispanic,2009,207.0,0.7,Reporting standards not met. Either there are too few cases for a reliable estimate or the coefficient of variation (CV) is 50 percent or greater.
Hispanic,Female,Hispainc,2010,204.0,0.3,Reporting standards not met. Either there are too few cases for a reliable estimate or the coefficient of variation (CV) is 50 percent or greater.
Hispanic,Female,Hipsanic,2011,208.0,0.6,Reporting standards not met. Either there are too few cases for a reliable estimate or the coefficient of variation (CV) is 50 percent or greater.
Hispanic,Female,Hipspanic,2012,204.0,0.3,Reporting standards not met. Either there are too few cases for a reliable estimate or the coefficient of variation (CV) is 50 percent or greater.
Hispanic,Female,Hispnic,2013,209.0,0.6,Reporting standards not met. Either there are too few cases for a reliable estimate or the coefficient of variation (CV) is 50 percent or greater.
"Asian, non-Hispanic",Female,"Asian, non-Hispyanic",2000,229.0,6.3,Reporting standards not met. Either there are too few cases for a reliable estimate or the coefficient of variation (CV) is 50 percent or greater.
"Asian, non-Hispanic",Female,"Asian, non-Hispanic",2001,204.0,0.3,Reporting standards not met. Either there are too few cases for a reliable estimate or the coefficient of variation (CV) is 50 percent or greater.
"Asian, non-Hispanic",Female,"Asian, non-Hispaic",2002,228.0,2.3,Reporting standards not met. Either there are too few cases for a reliable estimate or the coefficient of variation (CV) is 50 percent or greater.
"Asian, non-Hispanic",Female,"nAsian, non-Hispanic",2003,228.0,1.6,Reporting standards not met. Either there are too few cases for a reliable estimate or the coefficient of variation (CV) is 50 percent or greater.
"Asian, non-Hispanic",Female,"Asian, non-Hispanic",2004,204.0,0.3,Reporting standards not met. Either there are too few cases for a reliable estimate or the coefficient of variation (CV) is 50 percent or greater.
"Asian, non-Hispanic",Female,"Astian, non-Hispanic",2005,231.0,1.0,Reporting standards not met. Either there are too few cases for a reliable estimate or the coefficient of variation (CV) is 50 percent or greater.
"Asian, non-Hispanic",Female,"Asian, non-Hipanic",2006,204.0,0.3,Reporting standards not met. Either there are too few cases for a reliable estimate or the coefficient of variation (CV) is 50 percent or greater.
"Asian, non-Hispanic",Female,"Aisian, non-Hispanic",2007,235.0,1.2,Reporting standards not met. Either there are too few cases for a reliable estimate or the coefficient of variation (CV) is 50 percent or greater.
"Asian, non-Hispanic",Female,"Asina, non-Hispanic",2008,204.0,0.3,Reporting standards not met. Either there are too few cases for a reliable estimate or the coefficient of variation (CV) is 50 percent or greater.
"Asian, non-Hispanic",Female,"Asian, non-Hispwanic",2009,240.0,1.5,Reporting standards not met. Either there are too few cases for a reliable estimate or the coefficient of variation (CV) is 50 percent or greater.
"Asian, non-Hispanic",Female,"Asian, nonH-ispanic",2010,204.0,0.3,Reporting standards not met. Either there are too few cases for a reliable estimate or the coefficient of variation (CV) is 50 percent or greater.
"Asian, non-Hispanic",Female,"Asnian, non-Hispanic",2011,239.0,1.7,Reporting standards not met. Either there are too few cases for a reliable estimate or the coefficient of variation (CV) is 50 percent or greater.
"Asian, non-Hispanic",Female,"Asian, nn-Hispanic",2012,204.0,0.3,Reporting standards not met. Either there are too few cases for a reliable estimate or the coefficient of variation (CV) is 50 percent or greater.
"Asian, non-Hispanic",Female,"Asain, non-Hispanic",2013,240.0,1.2,Reporting standards not met. Either there are too few cases for a reliable estimate or the coefficient of variation (CV) is 50 percent or greater.
"Pacific Islander, non-Hispanic",Female,"Paciifc Islander, non-Hispanic",2000,204.0,0.3,Reporting standards not met. Either there are too few cases for a reliable estimate or the coefficient of variation (CV) is 50 percent or greater.
"Pacific Islander, non-Hispanic",Female,"Pacific Islander, non-Hispanic",2001,204.0,0.3,Reporting standards not met. Either there are too few cases for a reliable estimate or the coefficient of variation (CV) is 50 percent or greater.
"Pacific Islander, non-Hispanic",Female,"Pacific Islanderk, non-Hispanic",2002,204.0,0.3,Reporting standards not met. Either there are too few cases for a reliable estimate or the coefficient of variation (CV) is 50 percent or greater.
"Pacific Islander, non-Hispanic",Female,"Pawcific Islander, non-Hispanic",2003,204.0,0.3,Reporting standards not met. Either there are too few cases for a reliable estimate or the coefficient of variation (CV) is 50 percent or greater.
"Pacific Islander, non-Hispanic",Female,"Paific Islander, non-Hispanic",2004,204.0,0.3,Reporting standards not met. Either there are too few cases for a reliable estimate or the coefficient of variation (CV) is 50 percent or greater.
"Pacific Islander, non-Hispanic",Female,"Pacific Islanedr, non-Hispanic",2005,204.0,0.3,Reporting standards not met. Either there are too few cases for a reliable estimate or the coefficient of variation (CV) is 50 percent or greater.
"Pacific Islander, non-Hispanic",Female,"Pacific sIlander, non-Hispanic",2006,204.0,0.3,Reporting standards not met. Either there are too few cases for a reliable estimate or the coefficient of variation (CV) is 50 percent or greater.
"Pacific Islander, non-Hispanic",Female,"Pacific Islanvder, non-Hispanic",2007,204.0,0.3,Reporting standards not met. Either there are too few cases for a reliable estimate or the coefficient of variation (CV) is 50 percent or greater.
"Pacific Islander, non-Hispanic",Female,"Paqcific Islander, non-Hispanic",2008,204.0,0.3,Reporting standards not met. Either there are too few cases for a reliable estimate or the coefficient of variation (CV) is 50 percent or greater.
"Pacific Islander, non-Hispanic",Female,"Pacific Islander, nonHispanic",2009,204.0,0.3,Reporting standards not met. Either there are too few cases for a reliable estimate or the coefficient of variation (CV) is 50 percent or greater.
"Pacific Islander, non-Hispanic",Female,"PacificIslander, non-Hispanic",2010,204.0,0.3,Reporting standards not met. Either there are too few cases for a reliable estimate or the coefficient of variation (CV) is 50 percent or greater.
"Pacific Islander, non-Hispanic",Female,"Pacific Islander,non-Hispanic",2011,216.0,2.6,Reporting standards not met. Either there are too few cases for a reliable estimate or the coefficient of variation (CV) is 50 percent or greater.
"Pacific Islander, non-Hispanic",Female,"Pacific Islander, nno-Hispanic",2012,204.0,0.3,Reporting standards not met. Either there are too few cases for a reliable estimate or the coefficient of variation (CV) is 50 percent or greater.
"Pacific Islander, non-Hispanic",Female,"Pacific Islander, non-Hsipanic",2013,217.0,3.6,Reporting standards not met. Either there are too few cases for a reliable estimate or the coefficient of variation (CV) is 50 percent or greater.
"American Indian/Alaska Native, non-Hispanic",Female,"American Indian/Alaska Native, non-Hisapnic",2000,204.0,0.3,Reporting standards not met. Either there are too few cases for a reliable estimate or the coefficient of variation (CV) is 50 percent or greater.
"American Indian/Alaska Native, non-Hispanic",Female,"AmericanI ndian/Alaska Native, non-Hispanic",2001,204.0,0.3,Reporting standards not met. Either there are too few cases for a reliable estimate or the coefficient of variation (CV) is 50 percent or greater.
"American Indian/Alaska Native, non-Hispanic",Female,"American Indiadn/Alaska Native, non-Hispanic",2002,211.0,2.1,Reporting standards not met. Either there are too few cases for a reliable estimate or the coefficient of variation (CV) is 50 percent or greater.
"American Indian/Alaska Native, non-Hispanic",Female,"American Inidan/Alaska Native, non-Hispanic",2003,206.0,1.5,Reporting standards not met. Either there are too few cases for a reliable estimate or the coefficient of variation (CV) is 50 percent or greater.
"American Indian/Alaska Native, non-Hispanic",Female,"Amerian Indian/Alaska Native, non-Hispanic",2004,204.0,0.3,Reporting standards not met. Either there are too few cases for a reliable estimate or the coefficient of variation (CV) is 50 percent or greater.
"American Indian/Alaska Native, non-Hispanic",Female,"Ameruican Indian/Alaska Native, non-Hispanic",2005,210.0,1.6,Reporting standards not met. Either there are too few cases for a reliable estimate or the coefficient of variation (CV) is 50 percent or greater.
"American Indian/Alaska Native, non-Hispanic",Female,"Amrican Indian/Alaska Native, non-Hispanic",2006,204.0,0.3,Reporting standards not met. Either there are too few cases for a reliable estimate or the coefficient of variation (CV) is 50 percent or greater.
"American Indian/Alaska Native, non-Hispanic",Female,"American Indian/Alaska Native, non-Hispaic",2007,208.0,1.5,Reporting standards not met. Either there are too few cases for a reliable estimate or the coefficient of variation (CV) is 50 percent or greater.
"American Indian/Alaska Native, non-Hispanic",Female,"American Indian/Alaska Natvie, non-Hispanic",2008,204.0,0.3,Reporting standards not met. Either there are too few cases for a reliable estimate or the coefficient of variation (CV) is 50 percent or greater.
"American Indian/Alaska Native, non-Hispanic",Female,"American Indian/Alaska Ntaive, non-Hispanic",2009,209.0,1.3,Reporting standards not met. Either there are too few cases for a reliable estimate or the coefficient of variation (CV) is 50 percent or greater.
"American Indian/Alaska Native, non-Hispanic",Female,"American Indian/Alaska Native ,non-Hispanic",2010,204.0,0.3,Reporting standards not met. Either there are too few cases for a reliable estimate or the coefficient of variation (CV) is 50 percent or greater.
"American Indian/Alaska Native, non-Hispanic",Female,"American Inidian/Alaska Native, non-Hispanic",2011,209.0,1.7,Reporting standards not met. Either there are too few cases for a reliable estimate or the coefficient of variation (CV) is 50 percent or greater.
"American Indian/Alaska Native, non-Hispanic",Female,"merican Indian/Alaska Native, non-Hispanic",2012,204.0,0.3,Reporting standards not met. Either there are too few cases for a reliable estimate or the coefficient of variation (CV) is 50 percent or greater.
"American Indian/Alaska Native, non-Hispanic",Female,"American vIndian/Alaska Native, non-Hispanic",2013,208.0,2.0,Reporting standards not met. Either there are too few cases for a reliable estimate or the coefficient of variation (CV) is 50 percent or greater.
"Two or more races, non-Hispanic",Female,"Two or mfore races, non-Hispanic",2000,204.0,0.3,Reporting standards not met. Either there are too few cases for a reliable estimate or the coefficient of variation (CV) is 50 percent or greater.
"Two or more races, non-Hispanic",Female,"To or more races, non-Hispanic",2001,204.0,0.3,Reporting standards not met. Either there are too few cases for a reliable estimate or the coefficient of variation (CV) is 50 percent or greater.
"Two or more races, non-Hispanic",Female,"Two or more races, non-Hsipanic",2002,204.0,0.3,Reporting standards not met. Either there are too few cases for a reliable estimate or the coefficient of variation (CV) is 50 percent or greater.
"Two or more races, non-Hispanic",Female,"Two or mogre races, non-Hispanic",2003,204.0,0.3,Reporting standards not met. Either there are too few cases for a reliable estimate or the coefficient of variation (CV) is 50 percent or greater.
"Two or more races, non-Hispanic",Female,"Two or more races, nn-Hispanic",2004,204.0,0.3,Reporting standards not met. Either there are too few cases for a reliable estimate or the coefficient of variation (CV) is 50 percent or greater.
"Two or more races, non-Hispanic",Female,"Two or more races, non-Hsipanic",2005,204.0,0.3,Reporting standards not met. Either there are too few cases for a reliable estimate or the coefficient of variation (CV) is 50 percent or greater.
"Two or more races, non-Hispanic",Female,"Tw or more races, non-Hispanic",2006,204.0,0.3,Reporting standards not met. Either there are too few cases for a reliable estimate or the coefficient of variation (CV) is 50 percent or greater.
"Two or more races, non-Hispanic",Female,"Two or emore races, non-Hispanic",2007,204.0,0.3,Reporting standards not met. Either there are too few cases for a reliable estimate or the coefficient of variation (CV) is 50 percent or greater.
"Two or more races, non-Hispanic",Female,"Two or more races, non-Hispanic",2008,204.0,0.3,Reporting standards not met. Either there are too few cases for a reliable estimate or the coefficient of variation (CV) is 50 percent or greater.
"Two or more races, non-Hispanic",Female,"Two or more races, non-Hispaic",2009,204.0,0.3,Reporting standards not met. Either there are too few cases for a reliable estimate or the coefficient of variation (CV) is 50 percent or greater.
"Two or more races, non-Hispanic",Female,"Two ormore races, non-Hispanic",2010,204.0,0.3,Reporting standards not met. Either there are too few cases for a reliable estimate or the coefficient of variation (CV) is 50 percent or greater.
"Two or more races, non-Hispanic",Female,"Two or more races, non-Hispanci",2011,229.0,1.8,Reporting standards not met. Either there are too few cases for a reliable estimate or the coefficient of variation (CV) is 50 percent or greater.
"Two or more races, non-Hispanic",Female,"Two or moare races, non-Hispanic",2012,204.0,0.3,Reporting standards not met. Either there are too few cases for a reliable estimate or the coefficient of variation (CV) is 50 percent or greater.
"Two or more races, non-Hispanic",Female,"Two or more racces, non-Hispanic",2013,229.0,1.3,Reporting standards not met. Either there are too few cases for a reliable estimate or the coefficient of variation (CV) is 50 percent or greater.
