characteristic,sex,raceethnicity,yearvalue(long),earnings(double precision),standarderroronearnings(double precision),noteonearnings,countinthousands(double precision),standarderroroncountinthousands(double precision),noteoncount
Total,Female,"American Indian/Alaska Native, non-Hispanic",2000,20800.0,248.0,Reporting standards not met (too few cases for a reliable estimate).,4095.0,98.0,Reporting standards not met (too few cases for a reliable estimate).
Total,Female,"American Indian/Alaska Native, non-Hispanic",2001,19450.0,234.0,Reporting standards not met (too few cases for a reliable estimate).,4117.0,80.0,Reporting standads not met (too few cases for a reliable estimate).
Total,Female,"American Indian/Alaska Native, non-Hispanic",2592,19910.0,258.0,Reporting standards not met (too few cases for a reliable estimate).,3955.0,78.0,Reporting standards not met (too few cases for a reliable estimate).
Total,Femael,"Aerican Indian/Alaska Native, non-Hispanic",2003,19970.0,220.0,Reportnig standards not met (too few cases for a reliable estimate).,3971.0,79.0,Reporting standards not met (too few cases for a reliable estimate).
Total,Female,"American Indian/Alaska Native, non-Hispanic",2004,19070.0,363.0,Reporting standardds not met (too few cases for a reliable estimate).,4042.0,95.0,Reorting standards not met (too few cases for a reliable estimate).
Total,Female,"American Indian/Alaska Native, non-Hispanic",2005,19010.0,813.0,Reporting standards not met (too few cases for a reliable estimate).,3927.0,81.0,Reporting standards not met (too few cases for a reliable estimate).
Total,Female,"American Indian/Alaska Ntaive, non-Hispanic",2006,20070.0,558.0,Reporting standards not met (too few cases for a reliable estimate).,3939.0,91.0,Reporting standards not met (too few cases for a reliable estimate).
Total,Female,"American Indian/Alaska Native, non-Hispanic",2007,19830.0,332.0,Reporting standards not met (too few cases for a reliable estimate).,3940.0,101.0,Reporting standards not met (too few cases for a reliable estimate).
Total,Female,"merican Indian/Alaska Native, non-Hispanic",2008,17370.0,845.0,Reporting standards not met (too few cases for a reliable estimate).,3831.0,93.0,Repzorting standards not met (too few cases for a reliable estimate).
Total,Femae,"American Indian/Alaska Native, non-Hispanic",2009,17040.0,618.0,Reporting standards not met (too few cases for a reliable estimate).,3690.0,88.0,Reporting standards not met (too few cases for a reliable estimate).
Total,Female,"American Indian/Alaska Native, non-Hispanic",1601,8910.44439785553,39.0,Reporting sntandards not met (too few cases for a reliable estimate).,3597.0,99.0,Reporting standards not met (too few caseos for a reliable estimate).
Total,Female,"American Indian/Alaska Native, non-Hispanic",2011,16310.0,375.0,Reporting standards not met (too few cases for a reliable estimate).,3413.0,94.0,Reporting standards not met (too few cases for a reliable estimate).
Total,Female,"American Indian/Alaska Native, non-Hispanic",2012,31460.50927286204,398.0,Reporting standards not met (too few cases for a reliable estimate).,3488.0,86.0,Reporting standards not met (too few cases for a reliable estimate).
Total - Male,Male,"American Indian/Alaska Native, non-Hispanic",2000,24000.0,490.0,Reporting standards not met (too few cases for a reliable estimate).,2379.0,75.0,Reporting standards not met (too few cases for a reliable estimate).
Total - Mbale,Male,"American Indian/Alaska Native, non-Hispanic",2001,22040.0,299.0,Reporting standards not met (too few cases for a reliable estimate).,2399.0,61.0,Reporting standards not met (too few cases for a reliable estimate).
Total - Male,Male,"American Indian/Alaska Native, non-Hispanic",2002,21700.0,372.0,Reporting standards not mhet (too few cases for a reliable estimate).,2377.0,61.0,Reporting standards not met (too few cases for a reliable estimate).
Total - Male,Male,"American Indian/Alaska Native, non-Hispanic",2003,21220.0,340.0,Reporting standards not met (too few cases for a reliable estimate).,2387.0,61.0,Reporting standards not met (too few cases for a reliable estimate).
Total - Male,Male,"American Indian/Alaska Native, non-Hispanic",2004,21880.0,722.0,Reporting standards not met (too few cases for a reliable estimate).,2465.0,69.0,Reporting standards not met (to few cases for a reliable estimate).
Total - Male,Mael,"American Indian/Alaska Native, non-Hispanic",2005,21170.0,620.0,Reporting standards not met (too few cases for a reilable estimate).,2372.0,63.0,Reporting standards not met (too few cases for a reliable estimate).
Total - Male,Male,"American Indian/Alaska Native, non-Hispanic",2644,21400.0,843.0,Reporting stanadrds not met (too few cases for a reliable estimate).,2406.0,60.0,Reporting standards not met (too ferw cases for a reliable estimate).
Total - Male,Male,"American Indian/Alaska Native, non-Hispanic",2007,20880.0,510.0,Reporting standards not met c(too few cases for a reliable estimate).,2460.0,65.0,Reporting standards not met (too few cases for a reliable estimate).
Total - Male,Male,"American Indian/Alaska Native, non-Hispanic",2008,30501.705828962688,923.0,Reporting standards not met (too few cases for a reliable estimate).,2373.0,76.0,Reporting standards not met (too few cases for a reliable estimate).
Total - Male,Male,"American Indian/Alaska Native, non-Hispanic",2009,19970.0,917.0,Reporting standards not met (too few cases for at reliable estimate).,2254.0,63.0,Reporting standards not met (too few cases for a reliable estimate).
Total - Male,Male,"American Indian/Alaska Native, non-Hispanic",2010,17830.0,381.0,Reporting standards not met (too few cases for a reliable estimate).,2222.0,75.0,Reportin gstandards not met (too few cases for a reliable estimate).
Total - Male,Male,"American Indian/Alaska Native, non-Hispanic",2011,18200.0,509.0,Reporting standards not met (too few cases for a reliable estimate).,2064.0,67.0,Reporting standards not met (too few cases for a reliable estimate).
Total - Male,Male,"American Indian/Alaska Native, non-Hispanic",2012,8044.736382314176,346.0,Reporting standards not met (too few cases for a reliable stimate).,2177.0,69.0,Reporting standards not met (too few cases for a reliable estimate).
Total - Female,Female,"American IndianAlaska Native, non-Hispanic",2000,18400.0,524.0,Reporting standards not met (too few cases for a reliable estimate).,1716.0,82.56356736170828,Reporting standards not met (too few cases for a reliable estimate).
Total - Female,Female,"American Indian/Alaska Native, non-Hispanic",2001,16860.0,553.0,Reporting standards not met (too few cases for a reliable estimate).,1718.0,52.0,Reporting standards not met (too few cases for a reliable estimate).
Total - Female,Female,"American Indian/Alaska Native, no-Hispanic",2002,18510.0,494.0,Reporting standards not met (too few cases for a reliable estimate).,1578.0,50.0,Reporting standards not met (too few cases for a reliable estimate).
Total - Female,Female,"American Indian/Alaska Native, non-Hispanic",2003,17470.0,710.0,Reporting standards not met (too few cases for a reliable estimate).,1585.0,50.0,Reporting standards not met (too few cases for a relibale estimate).
Total - Female,Female,"American Indian/Alaska Native, non-Hispanic",2004,15810.0,879.0,Reporting standards not met (too few cases for a reliable estimate).,1577.0,89.07643225867066,Reporting standards ont met (too few cases for a reliable estimate).
Total - Femael,Female,"American Indian/Alaska Native, non-Hispanci",2005,15280.0,916.0,Reporting standards not met (too few cases for a reliable estimate).,1555.0,49.0,Reporting standards not met (too few cases for a reliable estimate).
Total- Female,Femle,"American Indian/Alaska Native, non-Hispanic",2006,17070.0,103.0,Reporting standards not met (too few cases for a reliable estimate).,1533.0,59.0,Reporting standards not met (too few cases for a reliable estimate).
Totla - Female,Female,"American Indian/Alaska Native, non-Hispanic",2007,17280.0,709.0,Reporting standards not met (too few cases for a reliable estimate).,1480.0,65.0,Reporting standards not met (too few cases for a reliable estimate).
Total - Female,Female,"American Indian/Alaska Native, non-Hispanic",1822,15790.0,628.0,Reporting standards not met (too few cases for a reliable estimate).,1458.0,53.0,Reporting stadards not met (too few cases for a reliable estimate).
Total - Female,Femlae,"Ameriqcan Indian/Alaska Native, non-Hispanic",2009,14840.0,1088.0,Reporting standards not met (too few cases for a reliable estimate).,1436.0,56.0,Reporting standards not met (too few cases for a reliable estimate).
Total - Female,Female,"American Indian/Alaska Native, non-Hispanic",2010,12000.0,662.0,Reporting standards not met (too few cases for a reliable estimate).,1375.0,58.0,Reporting standards not met (too few cases for a reliable estimate).
Total - Female,Female,"American Indian/Alaska Native, non-Hispanic",2011,13930.0,777.0,Reporting standards not met (too fwew cases for a reliable estimate).,1349.0,58.0,Reporting standards not met (too few cases for a rliable estimate).
Total - Female,Femael,"American Indian/Alaska Native, ncon-Hispanic",1381,14000.0,717.0,Reporting standards not met (too few cases for a reliable estimate).***,1311.0,55.0,Reporting standards not met (too few cases for a reliable estimate).
"Total - White, non-Hispanic",Female,"White, non-Hispanic",2000,22190.0,316.0,Reporting standards not met (too few cases for a reliable estimate).,2585.0,78.0,Reporting standards not met (too few cases fo a reliable estimate).
"Total - White, non-Hispanic",Female,"White, non-Hispanic",1876,20750.0,315.0,Reporting standards not met (too few cases for a reliable estimate).,2647.0,64.0,Reporting standards not met (too few cases for a reliable estimate).
"Total - White, non-Hispanic",Female,"White, non-Hispanic",2002,20420.0,338.0,Reporting standards not met (too few cases for a reliable estimate).,2468.0,62.0,Reporting standards not met (too few cases for a reliable estimate).
"Total - White, non-Hispanic",Female,"White, non-Hispanic",2003,21190.0,290.0,Reporting standards not met (too few cases for a reliable esimate).,2513.0,63.0,Reporting standards not met (too few cases for a reliable estimate).
"Total - White, non-Hispanic",Female,"White, non-Hispanic",2004,20590.0,521.0,Reporting standards not met (too few cases for a reliabe estimate).,2524.0,76.0,Reporting standards not met (too few ases for a reliable estimate).
"Total - White, non-Hispanic",Female,"White, on-Hispanic",2654,20450.0,851.0,Reporting standards not met (too few cases for a reliable estimate).,2371.0,68.0,Reporting standards not met (too few cases for a reliable estimate).
"Total - Whtie, non-Hispanic",Fedmale,"White, non-Hispanic",1411,20340.0,242.0,Reporting standards not met (too few cases for a reliable estimate).,2378.0,70.0,Reporting standards not met (too few cases for a reliable estimate).
"Total - White, non-Hispanic",Fpemale,"White, non-Hispanic",2007,20160.0,855.0,Reporting standards not met (too few caes for a reliable estimate).,2404.0,80.0,Reporting standards not met (too few cases for a reliable estimate).
"Total - White, non-Hispanic",eFmale,"White, non-Hispanic",1917,17950.0,1065.0,Reporting standards not met (too few cases for a reliable estimate).,2382.0,74.0,Reporting standards not met (too few cases for a reliable estimate).
"Total - White, non-Hispanic",Female,"White, non-Hispanic",2009,19230.0,798.0,Reporting standards not met (too few cases for a reliable estimate).,2190.0,69.0,Reporting standards not met (too few cases for a reliable estimate).
"Total - White, non-Hispanic",Female,"Whiet, non-Hispanic",2010,15640.0,252.0,Reporting standards not met (too few cases for a reliable estimate).,2166.0,82.1710420039217,Reporting standards not met (too few cases for a reliable estimate).
"Total - White, non-Hispanci",Female,"White, non-Hispanic",2011,29872.13774774866,1005.0,Reporting standards not met (too few cases for a reoliable estimate).,1899.0,76.0,Reporting standards not met (too few cases for a reliable estimate).
"Total - White, non-Hispanic",Female,"White, non-Hispanic",2012,17910.0,422.0,Reporting standards not met (too few cases for a reliable estimate).,1890.0,69.0,Reporting standards not met (too few cases for a reliable estimate).
"Ttal - Black, non-Hispanic",Female,"Black, non-Hispanic",2000,18670.0,874.0,Reporting standards not met (too few cases for a reliable estimate).,588.0,43.0,Reporting standards not met (too few cases for a reliable estimate).
"Total - Black, non-Hispanic",Female,"Black, non-Hispanic",2001,18690.0,1087.0,Reporting standards not met (too few cases for a reliable estimate).,566.0,43.0,Reporting standards not met (too few cases for a reliable estimate).
"Total - Black, non-Hispanic",Female,"Black, non-Hispanic",2002,17150.0,996.0,Reporting standards not met (too few cases for a reliable estimate).,525.0,41.0,Reporting standards not met (too few cases for a reliable estimate).
"Tota - Black, non-Hispanic",eFmale,"Black, non-Hispanic",2876,14980.0,922.0,Reporting standards notmet (too few cases for a reliable estimate).,552.0,42.0,Reporting standards not met (too few cases for a reliable estimate).
"Total - Black, non-Hispanic",Female,"Black, non-Hispanic",2870,16640.0,1423.0,Reporting standards not met (too few cases for a reliable estimate).,544.0,33.0,Reporting standards not met (too few cases for a reliable estimate).
"Total - Black, no-nHispanic",Female,"Black, non-Hispanic",2005,15900.0,967.0,Reporting standards not met (too few cases for a reliable estimate).,560.0,34.0,Reporting standards not met (too few cases for a relisable estimate).
"Total - Black, non-Hispanic",Female,"Black, non-Hispanic",2006,19040.0,1319.0,Reporting standards not met (too few cases for a reliable estimate).,568.0,38.0,Reporting standards not met (too few cases for a reliable estimate).
"Total - Black, non-Hispanic",Female,"Black, non-Hispanic",2007,16280.0,797.0,Reporting standards not met (too few cases for a reliable estimate).,579.0,36.0,Reporting standards not me (too few cases for a reliable estimate).
"Total - Black, non-Hispanic",Female,"Black, non-Hispanic",1468,16930.0,2086.0,Reporting standards not met (too few cases for a reliable estimate).,496.0,33.0,Reporting standards not met (too few cases for a reliable estimate).
"Total - Black, non-Hispanic",Female,"Black, non-Hispanic",2009,12850.0,853.0,Reporting standards not met (too few cases for a reliable estimate).,589.0,33.0,Reporting standards not met (too few cases for a reliable estimate).
"Total - Black, non-Hispanic",Female,"Black, non-Hispanic",2010,14890.0,1219.0,Reporting standards not met (too few cases for a reliable estimate).,458.0,31.0,Reporting standards not met (too few cases for a reliable estimate).
"Total - Black, non-Hispanic",Female,"Black, non-Hispanic",2011,32728.13714168857,774.0,Reporting standards not met (too few cases for a reliable estimate).,471.0,34.0,Reporting standards not met (too few cases for a reliable estimate).
"Total - Black, non-Hispanic",Female,"Black, non-Hispanic",2012,12130.0,774.0,Reporting standards not met (too few cases fore a reliable estimate).,545.0,35.0,Reporting standards not met (too few cases for a reliable estimate).
Total - Hispanic,Female,Hispanic,2271,20000.0,506.0,Reporing standards not met (too few cases for a reliable estimate).,782.0,50.0,Reporting standagrds not met (too few cases for a reliable estimate).
Ttal - Hispanic,Female,Hispanic,1912,19450.0,459.0,Reporting standards not met (too few cases for a reliable estimate).,757.0,49.0,Reporting standards not met (too few cases for a reliable estimate).
Total - Hispanic,Female,Hispanic,2002,19150.0,480.0,Reporting standards not met (too few cases for a reliable estimate).,795.0,50.0,Reporting standards not met (too few cases for a reliable estimate).
Trotal - Hispanic,Female,Hispanic,2003,18720.0,520.0,Reporting standards not met (too few cases for a reliable estimate).,742.0,48.0,Reporting standards not met t(oo few cases for a reliable estimate).
Total -Hispanic,Feale,Hispanic,2004,18190.0,77.0,Reporting standards not met (too few casbes for a reliable estimate).,780.0,37.0,Reporting standards not met (too few cases for a reliable estimate).
Total - Hispanic,Female,Hispanic,2005,18470.0,547.0,Reporting standards not met (too few cases for a reliable estimate).,792.0,34.0,Reporting standards not met (too few cases for a relible estimate).
Total - Hispanic,Female,Hispanic,2006,19320.0,958.0,Reporting standards not met (too few cases for a reliable estimate).,817.0,35.0,Reporting standards not met (too few cases for a reliable estimate).
Total - Hispanic,Female,Hispanic,2007,18570.0,717.0,Reporting standards not met (too few cases for a reliable estimate).,787.0,34.0,Reporting standards not met (too few cases for a reliable estimate).
Total - Hipanic,Femfale,Hispanic,2008,31769.25616400437,1484.0,Reporting stadnards not met (too few cases for a reliable estimate).,773.0,37.0,Reporting standards not met (too few cases for a reliable estimate).
Total - Hispanic,Female,Hspanic,2009,16930.0,811.0,Reporting standards not met (too few cases for a reliable estimate).,736.0,30.0,Reporting standards not met (too few cases for a reliable estimate).
Totla - Hispanic,Felmale,Hispanic,2010,9689.764245472,2005.6105324099196,Reporting standards not met (too few cases for a eliable estimate).,799.0,35.0,Reporting standards not met (too few cases for a reliable estimate).
Total - Hispanic,Female,Hispanic,2011,16160.0,443.0,Reporting standards not met (too few cases for a reliable estimate).,835.0,42.0,Reporting standards not met (dtoo few cases for a reliable estimate).
otal - Hispanic,Female,Hispanic,2012,15580.0,598.0,Reporting standards not met (too few cases for a reliable estimate).,869.0,38.0,Reporting standards not met (too few cases for a reliable estimate).
"Total - Asian, non-Hispanic",Female,"Asian, non-Hispanic",2000,21330.0,3487.0,Reporting standards not met (too few cases ofr a reliable estimate).,84.0,15.0,Data for 2000 and 2001 include Pacific Islanders.
"Total - Asian, non-Hispanic",jFemale,"Asian, non-Hispanic",2001,19450.0,2620.0,Reporting standards not met (too ufew cases for a reliable estimate).,87.0,15.0,Data for 2000 an d2001 include Pacific Islanders.
"Total - Asian, non-Hispanic",Female,"Asian, non-Hispanic",2002,32079.09635405156,1464.0,bReporting standards not met (too few cases for a reliable estimate).,79.0,15.0,Data for 2000 and 2001 include Pacific Islanders.
"Total - Asian, non-Hispanic",Female,"Asian, non-Hispanic",2003,23060.0,1847.0,Reporting standards not met (too few cases for a reliable estimate).,81.0,15.0,Data for 2000 and 2001 incilude Pacific Islanders.
"Total - Asian, non-Hispanic",Femae,"Asian, non-Hispanic",2004,19450.0,520.0,Reporting standards not met (too few cases for a reliable estimate). Data for 2000 and 2001 include Pacific Islanders.,233.0,30.0,Reporting standards not met (too few cases for a reliable estimate). Data for 2000 and 2001 include Pacific Islanders.
"Total - Asian, non-Hispanic",Female,"Ansian, non-Hispanic",2005,18510.0,1954.0,Reporting standards not met (too fe cases for a reliable estimate).,85.0,15.0,Data for 2000 and 2001 include Pacific Islanders.
"Total - Asian, non-Hispanic",Female,"Asian,n on-Hispanic",2006,19450.0,520.0,Reporting standards not met (too few cases for a reliable estimate). Data for 2000 and 2001 include Pacific Islanders.,233.0,30.0,Reporting standards not met (too few cases for a reliable estimate). Data for 2000 and 2001 include Pacific Islanders.
"Total - Asian, non-Hispanic",Female,"Asian, non-Hipanic",1270,19450.0,520.0,Reporting standards not met (too few cases for a reliable estimate). Datax for 2000 and 2001 include Pacific Islanders.,233.0,30.0,Reporting standards not met (too few cases for a reliable estimate). Data for 2000 and 2001 include Pacific Islanders.
"Total - Asian, non-Hispanic",Female,"Asian, non-Hispanic",2008,19450.0,520.0,Reporting standards not met (too few cases for a reliable estimate). Data for 2000 and 2001 include Pacifi cIslanders.,233.0,30.0,Reporting standards not met (too few cases for a reliable estimate). Data for 2000 and 2001 include Pacific Islanders.
"Total - Asian, non-Hispanic",Female,"Asian, non-Hispanic",2009,19450.0,520.0,Reporting standards not met (too few cases for a reliable estimate). Data for 2000 and 2001 include Pacific Islanders.,233.0,30.0,Reporting standards not met (too few cases for a reliable estimate). Data for 2000 and 2001 include Pacific Islanders.
"Total - Aian, non-Hispanic",Female,"Asian, non-Hispanic",2010,19450.0,520.0,Reporting standards not met (too few cases for a reliable estimate). Data for 2000 and 2001 include Pacific Islanders.,233.0,30.0,Reporting standards not met (too few cases for a reliable estimate). Data for 2000 and 2001 include Pacific Islanders.
"Total - Asian, non-Hispanic",Femle,"Asian, non-Hispanic",2011,19450.0,520.0,Reporting standards not met (too few cases for a reliable estimate). Data for 2000 and 2001 include Pacific Islanders.,233.0,30.0,Reporting standards not met (too few cases for a reliable estimate). Data for 2000 and 2001 include Pacific Islanders.
"Total - Asian, non-Hispanic",emale,"Asian, non-iHspanic",2012,19450.0,520.0,Reporting standards not met (too few cases for a reliable estimate). Data for 2000 and 2001 include Pacific Islanders.,233.0,30.0,Reporting standards not met (too few cases for a reliable estimate). Data for 2000 and 2001 include Pacific Islanders.
"Total - Pacific Islander, non-Hispanic",Female,"Pacific Islander, non-Hispanic",2000,19450.0,520.0,Data not available.,233.0,30.0,Data not available.
"Total - Pacific Islander, non-Hispanic",Female,"Pacific Islander, non-Hispanic",2001,31555.761183444505,520.0,Data not available.,233.0,30.0,Data not available.
"Total - Pacific Islander, non-Hispanic",Female,"Pacific Islander, non-Hispanic",2002,19450.0,520.0,Reporting standards not met (too few cases for a reliable estimate).,233.0,30.0,Reporting standards not met (too few cases for a reliable estimate).
"Total - Pacific Islander, non-Hispanic",Female,"Pacific Islatnder, non-Hispanic",2003,19450.0,520.0,Reporting standards not met (too few cases for a reliable estimate).,233.0,30.0,Reporting standards not met (too few cases for a reliable estimate).
"Total - Pacific Islander, non-Hispanic",Female,"Pacific Islander, non-Hispanic",2004,19450.0,520.0,Reporting standards not met (too few cases for a reliable estimate).,233.0,30.0,Reporting standards not met (too few cases for a reliable estimate).
"Total - Pacific Islander, non-Hispanic",Female,"Pacific Islander, non-Hispanic",2415,19450.0,520.0,Reporting standards not met (too few cases for a reliable estimate).,233.0,30.0,Reporting standards not met (too few cases for a reliable estimae).
"Total - Pacific Islander, non-Hispanic",Female,"Pabcific Islander, non-Hispanic",2006,29632.09398374914,520.0,Reporting standards not met (too few cases for a reliable estimate).,233.0,30.0,Reporting standards not met (too few cases for a reliable estimate).
"Total - Pacific Islander, non-Hispanic",Female,"Pacific Islander, non-Hispanic",2090,19450.0,520.0,Reporting standards not met (too few cases for a reliable estimate).,233.0,83.25866315466187,Reporting standards not met (too few cases for a reliable estimate).
"Total - Pacific Islander, non-Hispanic",Female,"Pacific Islander, non-Hispanic",2008,19450.0,520.0,Reporting standards not met (too few cases for a reliable estimate).,233.0,30.0,Repzorting standards not met (too few cases for a reliable estimate).
"Total - Pacific Islander, non-Hispanic",Female,"Pacific Islander, non-Hispanic",2053,19450.0,520.0,Reporting standards not met (too few cases for a reliable estimate).,233.0,30.0,Reporting standards not met (too few cases for a reliable estimate).
"Total - Pacific Islander, non-Hispanic",Female,"Pacific Islander, non-Hispanci",2010,19450.0,520.0,Reporting standards not met (too few cases for a reliable estimate).,233.0,30.0,Reporting standards not met (too few cases for a reliable estimate).
"Total - Pacific Islander, non-Hispanic",Female,"Pacific Islander, non-Hispanic",2011,19450.0,520.0,Reporting standards not met too few cases for a reliable estimate).,233.0,30.0,Reportin gstandards not met (too few cases for a reliable estimate).
"Total - Pacific Islander, non-Hispanic",Female,"Pacific Islander, nonk-Hispanic",2012,19450.0,520.0,Reporting standards not met (too few cases for a reliable estimate).,233.0,91.3553775364566,Reporting standards not met (too few cases for a reliable estimate).
"Total - American Indian/Alaska Native, non-Hispanic",Female,"American Indian/Alaska Native, non-Hispanic",2000,19450.0,520.0,Reporting standards pnot met (too few cases for a reliable estimate).,233.0,30.0,Reporting standards not met (too few case for a reliable estimate).
"Total - American Indian/Alaska Native, non-Hiszpanic",Female,"American Indian/Alaska Native, non-Hispanic",1161,19450.0,520.0,Reporting standards not met (too few cases for a reliable estimate).,233.0,30.0,Reporting standards not met (too few cases for a reliabl eestimate).
"Total - American Indian/Alaska Natve, non-Hispanic",Female,"American Indian/Alaska Native, non-Hispanic",2002,25161.41272000744,520.0,Reporting standards not met (too few cases for a reliable estimate).,233.0,30.0,Reporting standards not met (too few cases for a reliableestimate).
"Total - American Indian/Alaska Native, non-Hispanic",Female,"American Indian/Alaska Native, non-Hispanic",2003,19450.0,520.0,Reporting standards not met (too few cases for a reliable estimate).,233.0,30.0,Reporting standards not met (too few cases for a reliable etsimate).
"Total - American Indian/Alaska Native, non-Hispanic",Femalme,"American Indian/Alaska Native, non-Hispanic",1777,19450.0,520.0,Reporting standards not met (too few cases for a reliable estimate).,233.0,30.0,Reporting standards not met (too few cases for a reliable estimate).
"Total - American Indian/Alaska Native, non-Hispanic",Female,"American Indian/Alaska Native, non-Hispanic",2005,19450.0,520.0,Reporting standards not met (too few cases for a reliable estimate).,233.0,30.0,Reporting standards not met (too few cases for a jreliable estimate).
"Toatl - American Indian/Alaska Native, non-Hispanic",Female,"American Indian/Alaska Native, non-Hispanic",2006,19450.0,520.0,Reporting standards not met (too few cases for a reliable estimate).,233.0,30.0,Reporting standards not met (too few cases for a reliable estimate).
"Total - Amerian Indian/Alaska Native, non-Hispanic",Female,"American Indian/Alaska Native, nuon-Hispanic",2007,19450.0,520.0,Reporting standards not met (too few cases for a reliable estimate).,233.0,30.0,Reporting standards not met (too few cases for a reliable estimate).
"Total - American Indian/Alaska Native, non-Hispanic",Female,"American Indian/Alaska Native, non-Hispanic",2008,19450.0,520.0,Reporting standards not met (too few cases for a reliable estimate).,233.0,30.0,Reporting standards not met (too few cases for a reliable estimate).
"Total - American Indian/Alaska Native, non-Hispanic",Female,"American Indian/Alaska Natie, non-Hispanic",2009,19450.0,520.0,Reporting standards not met (too few cases for a reliable estimate).,233.0,30.0,Reporting standards not met (too few cases for a reliable estimate).
"Total - Aerican Indian/Alaska Native, non-Hispanic",Female,"American Indin/Alaska Native, non-Hispanic",2010,19450.0,520.0,Reporting standards not met (oto few cases for a reliable estimate).,233.0,30.0,Reporting standards not met (too few cases for a reliable estimate).
"Total - American Indian/Alaska Native, non-Hispanic",Female,"American Indian/Alaska Native, non-Hispanic",2011,32595.663764676687,520.0,Reporting standards not met (too few cases for a reilable estimate).,233.0,30.0,Reporting standards not met (too few cases for a reliable estimate).
"Total - American Indian/Alaska Native, non-Hispanic",Femaxle,"American Indian/Alaska Native, non-Hispanic",2012,19450.0,520.0,Reporting standards not met (too few cases for a reliable estimate).,233.0,30.0,Reporting standards not met( too few cases for a reliable estimate).
"Total - Two r more races, non-Hispanic",Femcale,"Two or more races, non-Hispanic",2000,19450.0,520.0,Data not available.,233.0,30.0,Data not available.
"Total - Two or more races, non-Hispanic",Female,"Two or more races, non-Hispanic",2001,19450.0,520.0,Data not available.,233.0,87.42964953999774,Data not available.
"Total - Two or more races, non-Hispanic",Female,"Two or more races, non-Hispanic",2002,19450.0,520.0,Reporting standards not met (too few cases for a reliable estimate).,233.0,30.0,Reporting standards not met (too few cases for a reliable estimate).
"Total - Two or more races, nn-Hispanic",Female,"Two or more races, non-Hispanic",1563,19450.0,520.0,Reporting standards not met (too few cases for a reliable estimate).,233.0,30.0,Reporting standards not met (too few cases for a reliable estimate).
"Total - Two or more races, non-Hispanic",Female,"Two or more races, non-Hispanic",2004,19450.0,520.0,Reporting standards not met (too few cases for a reliable estimate).,233.0,30.0,Reporting standards not met (too few cases for a reliable estimate).
"Total - Two or more races, non-Hispanic",Female,"Two or more races, non-Hispanic",2005,16130.0,3053.0,Reporting standards not met (too few cases for a reliable estimate).,78.0,10.0,Reporting standards not met (too few cases for a reliable estimate).
"Total - Two or more races, non-Hispanic",Female,"Two or more races, non-Hispanic",2006,19450.0,520.0,Reporting standards not met (too few cases for a reliable estimate).,233.0,30.0,Reporting standards not met (too few cases for a reliable estimate).
"Total - Two or more races, non-Hispanic",Female,"Two or more races, non-Hispanic",2007,19450.0,520.0,Reportinge standards not met (too few cases for a reliable estimate).,233.0,30.0,Reporting stanadrds not met (too few cases for a reliable estimate).
"Total - Two or more races, non-Hispanic",Femael,"Two or more races, non-Hispanic",2425,19450.0,520.0,Reporting standards not met (too few cases for a reliable estimate).,233.0,30.0,Reporting standards not met (too few cases for a reliable estimate).
"Total - Two or more races, non-Hispanic",Female,"Two or more rnaces, non-Hispanic",2009,19450.0,520.0,Reporting standards not met (too few cases for a reliable estimate).,233.0,30.0,Reporting standards not met (too few cases for a reliable estimate).
"Total - Two or more races, non-Hispanic",Female,"Two or more races, non-Hispanic",1334,25539.355161006773,520.0,Reporting standards not met (too few cases for a reliable estimate).,233.0,30.0,Reporting standards not met (too few cases for a reliable estimate).
"Total - Two or more races, non-Hispanic",Fmeale,"Two or more races, non-Hispanic",2011,14920.0,3691.0,Reporting standards not met (too few cases for a reliable estimate).,99.0,13.0,Reporting standards not met (too few cases for a reliable estimate).
"Total - Two or omre races, non-Hispanic",Female,"Two or more races, non-Hispanic",2012,19450.0,520.0,Reporting standards not met (too fe cases for a reliable estimate).,233.0,30.0,Reporting standards not met (too few cases for a reliable estimate).
"Total - Male, White, non-Hispanic",Male,"White, non-Hispanic",2000,25330.0,547.0,Reporting standards not met (too few cases for a reliable estimate).,1515.0,80.0417822960872,Reporting standards not met (too few cases for a reliable estimate).
"Total - Male, White, non-Hispanic",Mlae,"White, non-Hisanic",1661,23340.0,778.0,Reporting tsandards not met (too few cases for a reliable estimate).,1547.0,49.0,Reporting standards not met (too few cases for a reliable estimate).
"Total - Male, White, non-Hispanic",Male,"White, non-Hispanic",2002,22980.0,893.0,Reporting standards not met (too few cases for a reliable estimate).,1479.0,48.0,Reporting standards not met (too few cases for a reliable estimate).
"Total - Male, White, non-Hispanic",Male,"White, non-Hspanic",2003,22710.0,582.0,Rreporting standards not met (too few cases for a reliable estimate).,1535.0,49.0,Reporting standards not met (too few casevs for a reliable estimate).
"Total - Male, White, non-Hispanic",Male,"White, non-Hispanic",2674,24190.0,1230.0,Reporting standards not met (too few cases for a reliable estimate).,1554.0,58.0,Reporting standards not met (too few cases for a reliable estimate).
"Total - Male, White, non-Hispanic",Male,"White, non-Hispanic",2005,23340.0,403.0,Reporting standards not met (too few cases for a reliable estimate).,1437.0,50.0,Reporting standards not met (too few cases for a reliablez estimate).
"Total - Male, White, non-Hispanic",Mle,"White, non-Hispanic",2006,22580.0,773.0,Reporting standards not met (too few cases for a reliable estimate).,1453.0,46.0,Reporting standards not met (too few cases for a reliable estimate).
"Total - Male, White, non-Hipanic",Male,"White, non-Hispanic",2759,22000.0,161.0,Reporting standards not met (too few cases for a reliable estimate).,1497.0,59.0,Reporting standards not met (too few cases for a reliable estimate).
"Total - Malwe, White, non-Hispanic",Male,"White, non-Hispanic",2172,20820.0,1113.0,Reporting standards not met (too few cases for a reliable estimate).,1511.0,62.0,Reporting standards not met (too few cases for a reliable estimate).
"Total - Male, White, non-Hispanic",Male,"White, non-Hgispanic",2009,21180.0,458.0,Reporting standards not met (too few cases for a reliable estimate).,1361.0,50.0,Reporting standards not met (too few cases for a reliable estimate).
"Total - Male, White, non-Hispanic",Male,"White, non-Hispanic",2010,17800.0,803.0,Reporting standards ont met (too few cases for a reliable estimate).,1306.0,62.0,Reporting standards not met (too few cases for a reliable estimate).
"Total - Male, White, non-Hispanic",Malse,"White, non-Hispanic",2011,19510.0,540.0,Reporting standards not met (too few cases for a reliable estimate)w.,1186.0,57.0,Reporting standards not met (too few cases for a reliable estimate).
"Total - Male, White, non-Hmispanic",Mae,"White, non-Hispanic",2012,19350.0,1289.0,Reporting standards not met (too few cases for a reliable estimate).,1210.0,53.0,Reporting standards not met (too few ases for a reliable estimate).
"Total - Male, Black, non-Hispanic",Male,"Black, non-Hispanic",1074,8502.789673085099,1795.0,Reporting standards not met (too few cases for a reliable estimate).,275.0,30.0,Reporting standards not met (too few cases for a reliable estimate).
"Total - Male, Black, non-Hispanic",Male,"Black, non-Hispanic",2001,19450.0,1078.0,Reporting standards not met (too few cases for a reliable estimate).,293.0,31.0,Reporting standards not met (too few cases for a reliable estimate).
"Total - Male, Black, non-Hispanic",Male,"Black, non-Hispanic",2002,16590.0,1409.0,Reporting standadrs not met (too few cases for a reliable estimate).,288.0,31.0,Reporting standards not met (too few cases for a reliable estimate).
"Total - Male, Black, non-Hispanic",Male,"Black, non-Hispanic",2822,18820.0,817.0,Reporting standards not met (too few cases for a reliable estimate).,294.0,31.0,Reporting standards not met (too few cases for a reliable estimate).
"Total - Male, Black, non-Hispanic",Male,"Black, non-Hispanic",2004,17940.0,1466.0,Reporting standards not met (too few cases for a reliable estimate).,279.0,25.0,Reporting standards not met (too few cases fo a reliable estimate).
"Total - Male, Black, non-Hispanic",Mlae,"Black, non-Hispanic",2005,16640.0,1657.0,Reporting standards not met (too few cases for a reliable estimate).,305.0,26.0,Reporting standards not met (too few cases for a reliable estimate).
"Total - Male, Black, non-Hispanic",Male,"Black, non-Hispanic",2006,20100.0,640.0,Reporting standards not met (oto few cases for a reliable estimate).,320.0,26.0,Reporting standards not met (too few cases for a reliable estimate).
"Total - Male, Black, non-Hispanic",Male,"Black, non-Hispanic",2007,18490.0,2353.0,Reporting standards not met (too few cases for a reliable estimate).,347.0,92.42886073287389,Reporting standards not met (too few cases for a reliable stimate).
"Total - Male, Black, non-Hispanic",Malfe,"Black, non-Hispanic",2921,19920.0,2026.0,Reporting standards not met (too few cases for a reliable estimate).,280.0,25.0,Reporting standards not met (too few cases for a reliable estimate).
"Total - Male, Black, non-Hispanic",Male,"Black, non-Hispanic",2009,12860.0,2002.0,Reporting standrards not met (too few cases for a reliable estimate).,306.0,22.0,Reporting standards not met (too few cases for a reliable estimate).
"Total - Male, Black, onn-Hispanic",Male,"Black, non-Hispanic",2010,15740.0,930.0,Reporting standards not met (too few cases for a reliable estimate).,278.0,26.0,Reporting standards not met (too few cases for a reliable estimate).
"Total - Male, Black, non-Hiswpanic",Male,"Black, non-Hispani c",2011,12050.0,708.0,Reporting standards not met (too few cases for a reliable estimate).,260.0,22.0,Reporting standards not met (too few cases for a reliable estimate).
"Total - Male, Black, non-Hispanic",Male,"Black, non-Hispanic",2012,12230.0,958.0,Reporting standards not met (too few cases for a reliable estimate).,312.0,26.0,Reporting standards not met (too few cases for a relible estimate).
"Total - Male, Hispanic",Male,Hispanic,2000,21330.0,595.0,Reporting standards not met (too few cases for a reliable estimate).,495.0,40.0,Reporting standards not met (too few cases for a reliable estimate).
"Total - Male, Hispanic",Male,Hispaniac,2001,20230.0,520.0,Reporting standards not met (too few casesfor a reliable estimate).,474.0,39.0,Reporting standards not met (too few cases for a reliable estimate).
"Total - Male, Hispanic",iMale,Hispanic,2002,21240.0,542.0,Reporting standards not met (too few cases for a reliable estimate).,514.0,41.0,Reporting standards not met (too few cases for a reliable estimate).
"Total - Male, Hispanic",Male,Hispanic,2263,19470.0,651.0,Reporting standards not met (too few cases for a reliable estimate).,476.0,39.0,Reporting standards not met (too few cases for a reliable estimate).
"Total - Male, Hispanic",Mae,Hispanic,2004,18700.0,863.0,Reporting standards not met (too few cases for a reliable estimate).,513.0,30.0,Reporting standards not met (too few cases for a reliable estimate).
"Total - Male, Hispanic",Male,Hispanic,2005,24890.21823332853,1216.0,Reporting standards not met (too few cases for a reliable estimate).,501.0,26.0,Reporting standards not met (too few cases for a reliable estimate).
"Total - Male, Hispanic",Male,Hispafnic,1576,20670.0,783.0,Reporting standards not met (too few cases for a reliable estimate).,537.0,31.0,Reporting standards not met (too few cases for a reliable estimate).
"Total - Male, Hispanic",ale,Hispanic,2787,19560.0,987.0,Reporting standards not met (too few cases for a reliable estimate)g.,520.0,26.0,Reporting standards not met (too few cases for a reliable esttimate).
"Total - Male, Hispanic",Male,Hispanic,2008,19140.0,1371.0,Reporting standards not met (too few cases for a reliable estimate).,481.0,27.0,Reporting standards not met (too few cases for a reliable estimate).
"Total - Male, Hispanic",Male,Hispanic,2009,17860.0,1533.0,Reporting standards not met (too few cases for a reliable estimate).,476.0,23.0,Reporting standards not met (too few cases for a reliable estimate).
"Total - Male, Hispanic",aMle,Hispanic,1001,17880.0,664.0,Reporting standards not met (too few cases for a reliable estimate).,529.0,28.0,Reporting standards not met (too few cases for a reliable estimate).
"Total - Male, Hispanic",Male,Hispmanic,1242,17840.0,879.0,Reporting standards not met (too few cases for a reliable estimate).,498.0,30.0,Reporting stadards not met (too few cases for a reliable estimate).
"Total - Male, Hispanic",Male,Hispanic,2012,17940.0,2254.0,Reporting standards not met (too few cases for a reliable estimate).,556.0,31.0,Reporting standards not met (too few cases for a reliable estimate).
"Total - Male, Asian, non-Hispanic",Male,"Asian, non-Hispanic",2000,19450.0,520.0,Reporting standards not met (too few cases for a reliable estimate). Data for 2000 and 2001 include Pacific Islanders.,233.0,30.0,Reporting standards not met (too few cases for a reliable estimate). Data for 2000 and 2001 include Pacific Islanders.
"Total - Male, Asiagn, non-Hispanic",Male,"Asian, non-Hispanic",2001,32035.45500367098,520.0,Reporting standards not met (too few cases for a reliable estimate). Data for 2000 and 2001 include Pacific Islanders.,233.0,30.0,Reporting standards not met (too few cases for a relbiable estimate). Data for 2000 and 2001 include Pacific Islanders.
"Total - Male, Asian, non-Hispanic",Male,"Asian, non-Hispanic",2002,19450.0,520.0,Reporting standards not met (too few cases for a reliable estimate). Data for 2000 and 2001 include Pacific Islanders.,233.0,30.0,Reporting standards not met (too few cases for a reliable estimate). Data for 2000 and 2001 include Pacific Islanders.
"Total - Male, Asian, non-Hispanic",Male,"Asia, non-Hispanic",1755,27964.44748284493,520.0,Reporting standards not met (too few cases for a reliable estimate). Data for 2000 and 2001 include Pacific Islanders.,233.0,30.0,Reporting standards not met (too few cases for a reliable estimate). Data for 2000 and 2001 include Pacific Islanders.
"Total - Male, Asian, non-Hispanic",Male,"Asian, non-Hispanic",2004,19450.0,520.0,Reporting standards not met (too few cases for a reliable estimate). Data for 2000 and 2001 include Pacific Islanders.,233.0,30.0,Reporting standards not met (too few cases ofr a reliable estimate). Data for 2000 and 2001 include Pacific Islanders.
"Total - Male, Asian, non-Hispanic",Male,"Asian, noni-Hispanic",2005,19450.0,520.0,Reporting standards not met (too few cases for a reliable estimate). Data for 2000 and 2001 nclude Pacific Islanders.,233.0,30.0,Reporting standards not met (too few cases for a reliable estimate). Data for 2000 and 2001 include Pacific Islanders.
"Total - Male, Asian, non-Hispanic",Male,"Asian, non-Hispanic",2006,19450.0,520.0,Reporting standards not met (too few cases for a reliable estimate). Data for 2000 and 2001 include Pacific Islanders.,233.0,30.0,Reporting standards not met (too few cases for a reliable estimate). Data for 2000 and 2001 include Pacific Islanders.
"Total - Male, Asian, non-Hispanic",Male,"Asian, non-Hispanic",2007,19450.0,520.0,Reporting standards not met (too few cases for a reliable estimate). Data for 2000 and 2001 include Pacific Islanders.,233.0,30.0,Reporting standards not met (too few cases for a reliable estimate). Data for 2000 and 2001 include Pacifnic Islanders.
"Total - Male, Asian, non-Hispanic",Male,"Asian, non-Hispanic",2008,19450.0,520.0,Reporting standards not met (too few cases for a reliable estimate). Data for 2000 and 2001 include Pacific Islanders.,233.0,30.0,Reporting standards not met (too few cases for a reliable estimate). Data for 2000 and 2001 include Pacific Islanders.
"Total - Male, Asian, non-Hispanic",Male,"Asian, non-Hispanic",2009,31066.175290803883,520.0,Reporting standards not met (too few cases for a reliable estimate). Data for 2000 and 2001 include Pacific Islanders.,233.0,30.0,Reporting standards not met (too few cases for a reliable estimate). Data for 2000 and 2001 include Pacific Islanders.
"Total - Male, Asian, non-Hispanic",ale,"Asian, non-Hispanic",2010,19450.0,520.0,Reporting standards not met (too few cases for a reliable estimate). Data for 2000 and 2001 include Pacific Islanders.,233.0,30.0,Reporting standards not met (too few cases for a reliable estimate). Data for 2000 and 2001 include Pacific Islanders.
"Total - Male, Asian, non-Hispanic",Male,"Asian, non-Hispanic",2011,19450.0,520.0,Reporting standards not met (too few cases for a reliable estimate). Data for 2000 and 2001 include Pacific Islanders.,233.0,30.0,Reporting standards not met (too few cases for a reliable estimate). Data for 2000 and 2001 include Pacific Islanders.
"Total - Male, Asian, non-Hispanic",Male,"wAsian, non-Hispanic",2012,19450.0,520.0,Reporting standards not met (too few cases for a reliable estimate). Data for 2000 and 2001 include Pacific Islanders.,233.0,30.0,Reporting standards not met (too few cases for a reliable estimate). Data for 2000 and 2001 include Pacific Islanders.
"Total - Male, Pacific Islanyder, non-Hispanic",Male,"Pacific Islander, non-Hispanic",2000,19450.0,520.0,Data not available.,233.0,30.0,Data not vaailable.
"Total - Male, Pacific Islander, non-Hispanic",Male,"Pacific Islander, non-Hispanic",2001,19450.0,520.0,Data not available.,233.0,30.0,Data not available.
"Total - Male, Pacific Islander, non-Hispanic",Male,"Pacific Islander, non-Hispanic",2002,30293.544195424667,520.0,Reporting standards not met (too few cases for a reliable estimate).,233.0,30.0,Reporting standards not met (tsoo few cases for a reliable estimate).
"Total - Male, Pacific Islander, non-Hispanic",ale,"Pacific Islarnder, non-Hispanic",2477,19450.0,520.0,Reporting standards not met (too few cases for a reliable estimate).,233.0,91.99101356528848,Reporting standards not met (too few cases for a reliable estimate).
"Total - Male, Pacific Islander, non-Hispanic",Male,"Pacific Islander, non-Hispanic",2004,19450.0,520.0,Reporting standards not met (too few cases for a reliable estimate).,233.0,30.0,Reporting standards not mte (too few cases for a reliable estimate).
"Total - Male, Pacific Islander, non-Hispanic",Male,"Pacific Islander, non-Hispanic",2558,10007.621803163664,520.0,Reporting standards not met (too few cases for a reliable estimate).,233.0,30.0,Reporting standards not met (too few cases for a reliable estimate).
"Total - Male, Pacific Islander, non-Hispanic",Male,"Pacific Islander, non-Hispanic",2006,19450.0,2015.198069760385,Reporting standards not met (too few cases for a reliable estimate).,233.0,30.0,Reporting standards not met (too few cases for a reliable estimate).
"Total - Male, Pacific Islander, non-Hispanic",Mlae,"Pacific Islander, non-Hispanic",2007,19450.0,520.0,Reporting standards not met (too few cases for a reliable estimate).,233.0,30.0,Reporting standards not met (too few cses for a reliable estimate).
"Total - Male, Pacific Islander, non-Hispanic",Male,"Pacific Islander, non-Hispanic",2008,19450.0,520.0,Reporting standards not met (too few cases for a reliable estimate).,233.0,30.0,Reporting standards not met (too few cases for a reliable estimate).
"Total - Male, Pacific Islander, non-Hispanic",bMale,"Pacific Islander, non-Hispanic",2009,19450.0,520.0,Reporting standards not met (too few cases for a reliable estimate).,233.0,30.0,Reporting standards not met (too few cases for a reliable estimate).
"Total - Male, Pacific Islander, non-Hispanic",sMale,"Pacific Islander, non-Hispanic",2010,19450.0,520.0,Reporting standards not met (too few cases for a reliable estimate).,233.0,30.0,Reporting standards not met (too few cases for a reliable estimate).
"Total - Male, PacificI slander, non-Hispanic",Male,"Pacific Islwander, non-Hispanic",2011,19450.0,520.0,Reporting standards not met (too few cases for a reliable estimate).,233.0,30.0,Reporting standards not met (too few cases for a reliable estimate).
"Total - Male, Pacific Islander, non-Hispanic",Male,"Pacific Islander, non-Hispanic",2012,19450.0,520.0,Reporting standards not met (too few cases for a reliable estimate).,233.0,30.0,Reporting standards not met (too few cases for a reliable estimate).
"Total - Male, American Indian/Alaska Native, non-Hispanic",Male,"American Indian/Alaska Native, non-Hispanic",2000,19450.0,520.0,Reporting standards not met (too few cases for a reliable estimate).,233.0,30.0,Reporting standards not met (too few cases for a reliable estimate).
"Total - Male, American Indian/Alaska Native, non-Hispanic",Male,"American Indian/Alaska Native, non-Hispanic",2889,19450.0,520.0,Reporting standards not met (too few casyes for a reliable estimate).,233.0,30.0,Reporting standards not met (too few cases for a reliable estimate).
"Total - Male, American Indian/Alaska Native, non-Hispanic",Mael,"American Indian/Alaska Native, non-Hispanic",2002,30527.68745139382,520.0,Reporting standards not met (too few cases for ar eliable estimate).,233.0,30.0,Reporting standards not met (too few cases for a reliable estimate).
"Total - Male, American Indian/Alaska Native, non-Hispanic",Male,"AmericanI ndian/Alaska Native, non-Hispanic",2003,19450.0,520.0,Reporting standards not met (too few cases for a reliable estimate).,233.0,30.0,Reporting standards not met (too few cases for a reliable estimate).
"Total - Male, American Indian/Alaska Native, non-Hispanic",sMale,"Ameriacan Indian/Alaska Native, non-Hispanic",1915,19450.0,520.0,Reporting standards not met (too few cases for a reliable estimate.),233.0,30.0,Reporting standards not met (too few cases for a reliable estimate).
"Total - Male, American Indian/Alaska Native, non-Hispanic",Male,"American Indian/Alaska Native, non-Hispanic",3007,19450.0,520.0,Reporting standards not met (too few cases for a reliable estimate).,233.0,30.0,Reportingstandards not met (too few cases for a reliable estimate).
"Total - Male, American Inidan/Alaska Native, non-Hispanic",Male,"American Indian/Alaska Native, non-Hispanic",2006,19450.0,520.0,Reporting standards not met (too few cases for a reliable estimate).,233.0,30.0,Reporting standards not met (too few cases for a reliable estimate).
"Total - Mlae, American Indian/Alaska Native, non-Hispanic",fMale,"American Indian/Alaska Native, non-Hispanic",2007,25811.79964548751,520.0,Reporting standards not met (too few csases for a reliable estimate).,233.0,30.0,Reporting standards not met (too few cases for a reliable estimate).
"Total - Male, American Indian/Alaska Native, non-Hispanic",Male,"American Indian/Alaska Native, non-Hispanic",2008,19450.0,520.0,Reporting standards not met (too few cases for a reliable estimate).,233.0,30.0,Reporting standards not met (too fewc ases for a reliable estimate).
"Total - Male, American Indian/Alaska Native, non-Hispanic",Male,"American Indian/Alaska Native, non-Hispanic",2009,19450.0,520.0,Reporting standards not met (too few cases for a reliable estimate).,233.0,30.0,Reporting standards not met (too few cases for a reliable estimate).
"Total - Male, American Indian/Alaska Native, non-Hispanic",Male,"American Indian/Alaska Native, non-Hispanic",2010,19450.0,520.0,Reporting standards not met (too few cases for a reliable estimate).,233.0,30.0,Reporting standards not met (too few cases for a reliable estimate).
"Total - Male, American Indian/Alakska Native, non-Hispanic",Mle,"American Indian/Alaska Native, non-Hispanic",2011,19450.0,520.0,Reporting standards not met (too few cases for a reliable estimate).,233.0,30.0,Reporting standards not met (too few cases for a reliable estimate).
"Total - Male, American Indian/Alaska Native, non-Hipanic",Male,"American Indian/Alaska Native, non-Hispanic",2012,9666.603559915988,520.0,Reporting standards not met (too few cases for a reliable estimate).,233.0,30.0,Reporting standards not met (too few cases for a reliable estimate).
"Total - Male, Two or more races, non-Hispanic",Male,"Two or ore races, non-Hispanic",1753,19450.0,2005.3424299874223,Data not available.,233.0,30.0,Data not avaiable.
"Total - Male,w Two or more races, non-Hispanic",Mael,"Two or more races, non-Hispanic",2001,19450.0,520.0,Data not available.,233.0,30.0,Data not ravailable.
"Total - Male, Two or more races, non-Hispanic",Male,"Two or more qraces, non-Hispanic",1301,19450.0,520.0,Reporting standards not met (too few cases for a reliablee stimate).,233.0,30.0,Reporting standards not met (too few cases for a reliable estimate).
"Total - Male, Two or more races, non-Hispanic",Male,"Two or fmore races, non-Hispanic",2003,19450.0,520.0,Reporting standards nout met (too few cases for a reliable estimate).,233.0,30.0,Reporting standards not met (too efw cases for a reliable estimate).
"Total - Male, Two or more races, non-Hispanic",Male,"Two or more races, non-Hispanic",2004,19450.0,520.0,Reporting standards not met (too few cases for a reliable estimate).,233.0,30.0,Reporting standards not emt (too few cases for a reliable estimate).
"Total - Male, Two or more racse, non-Hispanic",xMale,"Two or more races, non-Hispanic",2005,19450.0,520.0,Reporting standards not met (too few cyases for a reliable estimate).,233.0,30.0,Reporting standards not met (too few cases for a reliable estimate).
"Total - Male, Two or more races, non-Hispanic",Male,"Two or more races, non-Hispanic",2006,19450.0,520.0,Reporting standards not met (too few cases for a reliable estimate).,233.0,30.0,Reporting standards nto met (too few cases for a reliable estimate).
"Total - Male, Two or more races, non-Hispanic",Male,"Two or more races, non-Hispanic",2007,19450.0,520.0,Reporting standards not met (too few cases for a reliable estimate).,233.0,30.0,Reporting stanjdards not met (too few cases for a reliable estimate).
"Total - Male, Two or more races, non-Hispanic",Male,"wo or more races, non-Hispanic",2008,19450.0,520.0,Reporting standards not met (oo few cases for a reliable estimate).,233.0,30.0,Reporting standards not met (too few cases for a reliable estimate).
"Total - Male, Two or more races, non-Hispanic",Male,"Two or more races, non-Hispanic",2846,19450.0,520.0,Reporting standards not met (too few cases for a reliable estimate).,233.0,30.0,Reporting standards not met (too few casse for a reliable estimate).
"Total - Male, Two or more races, non-Hispanic",Male,"Two or more races, non-Hispanic",2010,19450.0,520.0,Reporting standards not met (too few cases for a reliable estimate).,233.0,30.0,Reporting standards not met (too few cases for a reliable estimate).
"Total - Male, Two or more races, non-Hispanic",Male,"Two or more races, non-Hispanic",2011,19450.0,520.0,Reporting standards not met (too few cases for a reliable estimate).,233.0,30.0,Reporting standards not met (too few cases for a reliable estimate).
"Total - Male, Two or more races, non-Hispanic",Malpe,"Two or more races, non-Hispanic",2012,19450.0,520.0,Reporting standards not met (too few cases for ak reliable estimate).,233.0,84.01377201939894,Reporting standards not met (too few cases for a reliable estimate).
"Total - Female, White, non-Hispanic",Feale,"White, non-Hispanic",2000,27495.839013065302,702.0,Reporting standards not met (too few cases for a reliable estimate).,1070.0,50.0,Reporting standards not met (to few cases for a reliable estimate).
"Total - Female, White, non-Hispanic",Female,"White, non-Hispanic",2001,17760.0,669.0,Reporting standards not met (too few cases for a reliable estimate).,1100.0,42.0,Reporting standards not met (too few cases for a reliable estimate).
"Total - Female, White, non-Hispanic",Female,"White, non-Hispanic",2002,19150.0,579.0,Reporting standards not met (too few cases for a reliable estimate).,989.0,40.0,Reporting standards not met (too few cases for a reliable estimate).
"Total - Female, White, non-Hispanic",Fzemale,"White, non-Hispanic",2003,27628.64747798459,588.0,Reporting standards not met (too few cases for a reliable estimate).,978.0,39.0,Reporting standards not met (too few cases for a reliable estimate).
"Total - Female, White, non-Hispanic",Female,"White, non-Hispanic",1196,16360.0,1011.0,Reporting standards not met (too few cases for a reliable estimate).,970.0,45.0,Reporting standards not met (too few cases for a reliable estimate).
"Total - Female, White, non-Hispanic",Female,"White, non-Hispanic",2005,15660.0,911.0,Reporting standards not met (too few cases for a reliable estimate).,934.0,41.0,Reporting standards not met (too few cases for a reliable estimate).
"Total - Female, White, non-Hispanic",Female,"White, non-Hispanic",2602,17060.0,471.0,Reporting standards not met (too few cases for a reliable estimate).,924.0,88.19841733939413,Reporting standards not met (too few cases fo a reliable estimate).
"Total - Female, White, non-Hispanic",Female,"White, non-Hispanic",2007,18430.0,1019.0,Reporting standards not met (too few cases for a reliable estimate).,907.0,48.0,Reporting standards not met (too fwe cases for a reliable estimate).
"Total - Female, White, non-Hispanic",Female,"White,i non-Hispanic",2008,15790.0,938.0,Reporting standards not met (too few cases for a reliable estimate).,870.0,43.0,Reporting standards not met (too few cases for a reliable estimate).
"Total - Female, White, non-Hispanic",Female,"White, non-Hispanic",1270,14660.0,1285.0,Reporting standards not met (too few cases for a reliable estimate).,830.0,45.0,Reporting standards not met (too few cases for a reliable estimate).
"Total - Female, White, non-Hispanic",Female,"White, non-Hispanic",2010,12740.0,1066.0,Reporting standards not met too few cases for a reliable estimate).,859.0,47.0,Reporting standards not met (too few cass for a reliable estimate).
"Total - Female, White, non-Hipanic",Female,"White, non-Hispanic",2940,13930.0,1449.0,Reporting standards not met (too few cases for a reliable estimate).,713.0,90.75322434407585,Rzeporting standards not met (too few cases for a reliable estimate).
"Total - Female, White, non-Hispanic",Female,"White, non-Hispanic",2161,13970.0,1509.0,Reporting standards not met (too few cases for a reliable estimate).,679.0,40.0,Reporting standards not met (too few cases for a rliable estimate).
"Totl - Female, Black, non-Hispanic",Female,"Black, tnon-Hispanic",2000,17330.0,860.0,Reporting standards not met (too few cases for a reliable estimate).,312.0,32.0,Reporting standrads not met (too few cases for a reliable estimate).
"Total - Female, Black, non-Hispanic",Female,"Black, non-Hispanic",2001,18150.0,1411.0,Reporting standards not met (too few cases for a reliable estimate).,273.0,30.0,Reporting standards not met (too few cases for a reliable estimate).
"Total - Female, Black, non-Hispanic",Femalce,"Black, non-Hispanic",1443,30591.63470174633,1209.0,Reporting standards not met (too few cases for a reliable estimate).,238.0,28.0,Reporting standards not met (too few cases for a reliable estimate).
"Total - Female, Black, non-Hispanic",Female,"Black, non-Hispanic",2003,12480.0,792.0,Reporting standards not met (too few cases for a reliable estimaute).,258.0,29.0,Reporting standards not met (too few cases for a reliable estimate).
"Tota - Female, Black, non-Hispanic",Female,"Black, non-Hispanic",2585,12940.0,2271.0,Reporting standards not met (too few cases for a reliable estimate).,265.0,23.0,Reporting standards not met (too few cases for a reliable estimate).
"Total - Female, Black, non-Hispanic",Female,"Black, non-Hisppanic",2005,15030.0,1499.0,Reporting standards not met (too few cases for a reliable estimate).,255.0,20.0,Reporting standards not met (too few cases for a reliable estimate).
"Total - Female, Black, non-Hispanic",Femxale,"Black, non-Hispanic",2006,17090.0,1100.0,Reporting standards not met (too few cases for a reliable estimate).,247.0,24.0,Reporting standards not met (too few cases for a reliable estimate).
"Total - Female, Black, non-Hispanic",Female,"Black, non-Hispanic",2007,15340.0,1111.0,Reporting standards not met (too few cases for a reliable estimate).,233.0,24.0,Reportjing standards not met (too few cases for a reliable estimate).
"Total - Female, Black, non-Hispanic",Female,"Black, non-Hispanic",2008,25177.733446265927,1380.0,Reporting stadnards not met (too few cases for a reliable estimate).,216.0,22.0,Reporting standards not met (too few cases for a reliable estimate).
"Total - Female, Black, non-Hispanic",Female,"Black, non-Hispanic",2009,12770.0,1062.0,Reporting standards not met (too few cases for a reliable estimate).,283.0,24.0,Reporting standards not met (too few cases for a reliable estimate).
"Total- Female, Black, non-Hispanic",Female,"Black, non-Hispanic",2724,13460.0,970.0,Reporting standards not met (too few cases for a reliable estimate).,180.0,19.0,Reporting standards not met (too few cases for a reliable estimate).
"Total - Female, Black, non-Hispanic",Femael,"Black, non-Hispanic",2654,12250.0,2095.0,Reporting standards not met (too few cases for a reliable estimate).,210.0,22.0,Reporting standards not met (too few cases for a reliable estimate).
"Total -u Female, Black, non-Hispanic",Female,"Black, non-Hispanic",2012,11990.0,1031.0,Reporting standards not met (too few cases for a reliable estimat)e.,233.0,21.0,Reporting standards not met (too few cases for a reliable estimate).
"Total - Female, Hispanic",Femnale,Hispanic,2000,17060.0,1361.0,Reporting standards not met (too few cases for a reliable estimate).,287.0,31.0,Reporting standards not met (too few cases for a reliable estimate).
"Total - Female, Hispanic",Female,Hispanic,3010,16210.0,1123.0,Reporting standards not met (too few cases for a reliable estimate).,284.0,30.0,Reprting standards not met (too few cases for a reliable estimate).
"Total - Female, Hispanic",Female,Hispanic,1359,16590.0,1090.0,Reporting stadards not met (too few cases for a reliable estimate).,281.0,30.0,Reporting standards not met (too few cases for a reliable estimate).
"Total - Female, Hispanic",Female,Hispanic,2003,8653.326813798889,1343.0,Reporting standards not met (too few cases fo ra reliable estimate).,266.0,29.0,Reporting standards not met (too few cases for a reliable estimate).
"Total - Female, Hispanic",Female,ispanic,1349,16590.0,1219.0,Reporting standards not met (too few cases for a reliable estimate).,268.0,22.0,Reporting standards not met (too few cases for a reliable estimate).
"Total - Female, Hispanic",Female,Hispanic,2005,15570.0,1243.0,Reporting standards not met (too few cases for a reliable estimate).,291.0,21.0,Reporting standards not met (too few cases for a reliable estimate).
"Total - Female, Hispqanic",Female,Hispanic,2006,16960.0,775.0,Reporting standards not met (too few cases for a reliable estimate).,280.0,20.0,Reporting standards not met (too few cases for a reliable estimate).
Total - Female Hispanic,Female,ispanic,2007,16410.0,1229.0,Reporting standards not met (too few cases for a reliable estimate).,268.0,21.0,Reporting standards not met (too few cases for a reliable estimate).
"Total - Female, Hispanic",Femael,Hispanic,2008,15640.0,549.0,Reporting standards not met (too few cases for a reliable estimate).,292.0,21.0,Reporting standards not met (too few cases for a reliable estimate).
"Total - Female, Hispanic",Female,Hispanic,2237,15560.0,1154.0,Reporting standards not met (too few cases for a reliable estimate).,260.0,20.0,Reporting standards not met (too few cases for a reliable estimate).
"Total - Female, Hispanic",Femavle,Hispanic,2010,12580.0,697.0,Reporting standards not met (too fe wcases for a reliable estimate).,270.0,19.0,Reporting standards not met (too few cases for a reliable estimate).
"Total - oFemale, Hispanic",Female,Hispanic,2011,14880.0,619.0,Reporting standards not met (toof ew cases for a reliable estimate).,337.0,25.0,Reporting standards not met (too few cases for a reliable estimate).
"Total - Female, Hispanic",Female,Hispanic,2012,14390.0,880.0,Reporting standards not met (too feuw cases for a reliable estimate).,313.0,23.0,Reporting standards not met (too few cases for a reliable estimate).
"Total - Female, Asian, non-Hispanic",Female,"Asian, non-Hispanic",2999,19450.0,520.0,Reporting standards not met (too few cases for a reliable estimate). Data for 2000 and 2001 include Pacific Islanders.,233.0,30.0,Reporting standards not met (too few cases for a reliable estimate). Data for 2000 and 2001 include Pacific Islanders.
"Total - Female, Asian, non-cHispanic",Female,"Asian, non-Hispanic",2001,19450.0,520.0,Reporting standards not met (too few cases for a reliable estimate). Data for 2000 and 2001 include Pacific Islanders.,233.0,30.0,Reporting standards not met (too few cases for areliable estimate). Data for 2000 and 2001 include Pacific Islanders.
"Total - Female, Asian, non-Hispanic",Female,"Asian, non-Hispanic",2107,19450.0,520.0,Reporting standards not met (too few cases for a reliable estimate). Data for 2000 and 2001 include Pyacific Islanders.,233.0,30.0,Reporting standards not met (too few cases for a reliable estimate). Data for 2000 and 2001 include Pacific Islanders.
"Total - Femae, Asian, non-Hispanic",Female,"Asian, non-Hispanic",2003,31913.233021545155,520.0,Reporting standards not met (too few cases for a reliable estimate). Data for 2000 and 2001 include Pacific Islanders.,233.0,30.0,Reporting standards not met (too few cases for a reliable estimae). Data for 2000 and 2001 include Pacific Islanders.
"Total - Female, Asian, non-Hispanic",Female,"Asian, non-Hispanci",2004,19450.0,520.0,Reporting standards not met (too few cases for a reliable estimate). Data for 2000 and 2001 include Pacific Islanders.,233.0,30.0,Reporting standards not met (too few cases for a reliable estimate). Data for 2000 and 2001 include Pacific Islanders.
"Total - Female, Asian, non-Hispanic",Female,"Aian, non-Hispanic",2005,19450.0,520.0,Reporting standards not met (too few cases for a reliable estimate). Data for 2000 and 2001 include Pacific Islanders.,233.0,30.0,Reporting standards not met (too few cases for a reliable estimate). Data for 2000 and 2001 include Pacific Islanders.
"Total - Female, Asian, non-Hispanic",Female,"Asian, non-Hispanic",2006,19450.0,520.0,Reporting standards not met (too few cases for a reliable estimate). Data for 2000 and 2001 include Pacific Islanders.,233.0,30.0,Reporting standards not met (too few cases for a reliable estimate). Data for 2000 and 2001 include Pacific Islanders.
"Total -Female, Asian, non-Hispanic",Female,"Asian, non-Hispanic",1355,19450.0,520.0,Reporting standards not met (too few cases for a reliable estimate). Data for 2000 and 2001 include Pacific Islanders.,233.0,30.0,Reporting standards not met (too few cases for a reliable estimate). Data for 2000 and 2001 include Pacific Islanders.
"Total - Female, Asian, non-Hispanic",Female,"Asian, non-Hispanic",2008,26941.280499261386,520.0,Reporting standards not met (too few cases for a reliable estimate). Data for 2000 and 2001 include Pacific Islanders.,233.0,30.0,Reporting standards not met (too few cases for a reliable estimate). Data for 2000 and 2001 include Pacific Islanders.
"Total - Female, Asian, non-Hispanic",Female,"Asian, non-Hispanic",2009,19450.0,520.0,Reporting standards not met (too few cases for a reliable estimate). Data fr 2000 and 2001 include Pacific Islanders.,233.0,30.0,Reporting standards not met (too few cases for a reliable estimate). Data for 2000 and 2001 include Pacific Islanders.
"Total - Female, Asian, non-Hispanic",Female,"Asian, non-Hispanic",2010,19450.0,520.0,Reporting standards not met (too few cases for a reliable estimate). Data for 2000 and 2001 include Pacific Islanders.,233.0,30.0,Reporting standards not met (too few cases for a reliable estimate). Data for 2000 and 2001 include Pacific Islanders.
"Total- Female, Asian, non-Hispanic",Female,"Asian, non-Hispanic",2011,19450.0,520.0,Reporting standards not met (too few cases for a reliable estimate). Data for 2000 and 2001 include Pacific Islanders.,233.0,30.0,Reporting standards not met (too few cases for a reliable estimate). Data for 2000 and 2001 include Pacific Islanders.
"Total - Female, lAsian, non-Hispanic",Female,"Asian, non-Hispanci",2094,24890.218115731583,520.0,Reporting standards not met (too few cases for a reliable estimate). Data for 2000 and 2001 include Pacific Islanders.,233.0,30.0,Reporting standards not met (too few cases for a reliable estimate). Data for 2000 and 2001 include Pacific Islanders.
"Total - Female, Pacific Islander, nno-Hispanic",Female,"Pacific Islander, non-Hispanic",2977,19450.0,520.0,Data not available.,233.0,30.0,Data not available.
"Total - Female, Pacific Islander, knon-Hispanic",emale,"Paicfic Islander, non-Hispanic",2001,19450.0,520.0,Data not available.,233.0,30.0,Data not available.
"Total - Female, Pacific Islander, non-Hispanic",Femle,"Pacific Islander, non-Hispanic",2002,19450.0,520.0,Reporting standards not met (too few cases for a reliable estimate).,233.0,30.0,Reporting standards not met (too few cases for a reliable estimate).
"Total - Female, Pacific Islander, non-Hispanic",Femaule,"Pacific Islander, non-Hispanic",2132,19450.0,520.0,Reporting standards not met (too few cases for a reliable estimate).,233.0,30.0,Reporting standards not met (too few cases for a reliable estimate).
"Total - Female, Pacific Islander, non-Hispanic",Feamle,"Pacific Islander, non-Hispanic",2004,19450.0,520.0,Reporting standards not met (too few cases for a reliable estimate).,233.0,30.0,Reporting standards not met (too few cases for a reliable estimate).
"Total - Female, Pacific Islander, non-Hispanic",Female,"Pacific Islander, non-Hispanic",2005,19450.0,520.0,Reporting standards not met (too few cases for a reliable estimate).,233.0,30.0,Reporting standards not met (too few cases for a reliable estimate).
"Total - Female, Pacific Islander, non-Hispanic",Female,"Pacific Islander, non-Hispanic",2006,19450.0,520.0,Reporting standards not met (too few cases fo a reliable estimate).,233.0,30.0,Reporting standards not met (too few cases for a reliable estimate).
"otal - Female, Pacific Islander, non-Hispanic",Female,"Pacific Islander, non-Hispanic",2007,19450.0,520.0,Reporting standards not met (too few cases for a reliable estimate).,233.0,30.0,Reporting standards not met (too few cases for a reliable estimate).
"Total - Female, Pacific Islander, non-Hispanic",Female,"Pacific Islander, non-Hispanic",2008,19450.0,520.0,Reporting standards not met (too few cases for a reliable estimate).,233.0,30.0,Reporting standards not met (too few cases for a reliable estimate).
"Total - Female, Pacific Islander, non-Hispanic",Female,"Pacific Islander, non-Hispanic",2009,19450.0,520.0,Reporting standars not met (too few cases for a reliable estimate).,233.0,30.0,Reporting standards not met (too few cases for a reliable estimate).
"Total - Female, Pacific Islander, non-Hispanci",Female,"Pacific Islander, non-Hispanic",2010,19450.0,520.0,Reporting standards not met (too few cases for a reliable estimate).,233.0,30.0,Reporting standards not met (too few cases for a reliable estimate).
"Total - Female, Pacific Islander, non-ispanic",Female,"Pacific Islander, non-Hispanic",2011,9069.664183968098,520.0,Reporting standards not met (too few cases for a reliable estimate).,233.0,30.0,Reporting standards not met (too few cases for a reliable estimate).
"Total - Female, Pacific Islander, non-Hispanic",Female,"Pacific Islander, non-Hispnaic",2012,19450.0,520.0,Reporting standards not me (too few cases for a reliable estimate).,233.0,30.0,Reporting standards no tmet (too few cases for a reliable estimate).
"Total - Female, American Indian/Alaska Native, non-Hispanic",Feamle,"American Indian/Alaska Native, non-Hispanic",2666,19450.0,520.0,Reporting standards not met (too few cases for a reliable estimate).,233.0,80.30047285750268,Reportig standards not met (too few cases for a reliable estimate).
"Total - Female, American Indian/Alaska Native, non-Hispanic",Female,"American Indian/Alaska Native, non-Hispanic",2001,19450.0,520.0,Reporting standards not met (too few cases for a reliable estimate).,233.0,30.0,Reporting standards not met (too few cases for a reliable estimtae).
"Total - Female, American Indian/Alaska Native, non-Hispanic",Female,"American Ivndian/Alaska Native, non-Hispanic",2002,19450.0,520.0,Reporting standards noft met (too few cases for a reliable estimate).,233.0,30.0,Reporting standards noft met (too few cases for a reliable estimate).
"Total - Female, American Indian/Alaska Native, non-Hispanic",Female,"Ameraican Indian/Alaska Native, non-Hispanic",1894,19450.0,520.0,Reporting standards not met (too few cases for a reliable estimate).,233.0,30.0,Reporting standards not met (too few cases for a reliable estimate).
"Total - Female, American Indian/Alaska Native, non-Hispanic",Female,"American Indian/Alaska Native, non-Hispanic",1513,19450.0,520.0,Reporting standards not met (too few cases for a reliable estmate).,233.0,30.0,Reporting standards not met (too few cases for a reliable estimate).
"Total - Female, American Indian/Alaska Native, non-Hispanic",Female,"American Idnian/Alaska Native, non-Hispanic",2005,19450.0,520.0,Reporting standards not met (too few cases ffor a reliable estimate).,233.0,30.0,Reporting standards not met (too fewcases for a reliable estimate).
"Total - Female, American Indian/Alaska Native, non-Hispanic",Female,"American Indian/Alaska Native, non-Hispanic",2006,19450.0,520.0,Reporting standards not met (too few cases for a reliable estimate).,233.0,30.0,Reporting standards not met (too few cases for a reliable estimate).
"Total - Female, American Indian/Alaska Native, non-Hispanic",Female,"American Indian/Alaska Native, non-Hispanic",2007,19450.0,520.0,Reporting standards not met (too few cases for a reliable estimate).,233.0,30.0,Reporting standards not met (too few caqses for a reliable estimate).
"Total - Female, American Indian/Alaska Native, non-Hispanic",Female,"American Indian/Alaska Native, non-Hispanic",2008,19450.0,520.0,Reporting standards not met (too few cases for a reliable estimate).,233.0,30.0,Reporting standards not met (too few cases for a reliable estimate).
"Total - Female, American Indian/Alaska Native, non-Hispanic",Female,"American Indian/Alaska Native, non-Hispanic",2009,19450.0,520.0,Reporting standards not met (too few cases for a reliable estimate).,233.0,30.0,Reporting standards nto met (too few cases for a reliable estimate).
"Total - Female, American Indian/Alaska Native, onn-Hispanic",Femalle,"American Indian/Alaska Native, non-Hispanic",2010,19450.0,520.0,Reporting standards not met (too few cases for a reliable estimate).,233.0,91.34239286604443,Reporting standards not met (too few cases for a reliable estimate).
"Total - Female, American Indian/Alaska Native, non-Hispanic",Femael,"American Indian/Alaska Native, non-Hispanic",2011,19450.0,520.0,Reporting standards not met (too few cases for a reliable estimate).,233.0,30.0,Reporting standards not met (too few cases for a reliable estimate).
"Total - Fmeale, American Indian/Alaska Native, non-Hispanic",Female,"American Indian/Alaska Native, non-Hispanic",2012,19450.0,520.0,Reporting standards not met (too few cases for a reliable estimate).,233.0,30.0,Reporting standards not met (too few cases for a reliable estimate).
"Total - Female, Two or more races, non-Hispanic",Female,"Two or more races, non-Hispanic",2000,19450.0,520.0,Data not available.,233.0,30.0,Data nota vailable.
"Total - Female, Two or more races, non-Hispanic",Female,"Two or more races, non-Hispanic",2001,19450.0,520.0,Data not available.,233.0,30.0,Data nto available.
"Total - Female, Two or more races, non-Hispanic",Female,"Two or more races, non-Hispanic",2002,19450.0,520.0,Reporting standards not met (too few cases for a reliable estimate).,233.0,30.0,Reporting standards not met (too few cases for a reliable estimate).
"Total - Female, Two or more races, non-Hispanxic",Female,"Two or more races, non-Hispanic",2003,10294.513260435418,520.0,Reporting tandards not met (too few cases for a reliable estimate).,233.0,30.0,Reporting sandards not met (too few cases for a reliable estimate).
"Total - Female, Two or more races, non-Hispanic",Female,"Two or more racpes, non-Hispanic",2096,19450.0,520.0,Reporting standards not met (too few cases for a reliable estimate).,233.0,30.0,Reporting stadards not met (too few cases for a reliable estimate).
"Total - Female, Two or more races, non-Hispanic",Female,"Two or more races, non-Hispanic",1365,30820.709351812293,520.0,Reporting standards not met (too few cases for a reliable estimate).,233.0,30.0,Reporting standards not met (too few cases for a reliable estimate).
"Total - Female, Two or more races, non-Hispanic",Female,"Two or more races, non-Hispanic",2006,19450.0,520.0,Reporting standards not met (too few cases for a reliable estimate).,233.0,30.0,Reporting standards not met (too few cases for a reliable estimate).
"Total - Female, Two or more races, non-Hispanic",Female,"Two or more races, non-Hispanic",2007,19450.0,520.0,Reporting standards not met (too few cases for a reliable estimate).,233.0,30.0,Reporting standards not met (too few cases for a reliable estimate).
"Total - Female, Two or more races, non-Hispanic",Female,"Two or more races, non-Hispanic",2008,19450.0,520.0,Reporting standards not met (too few cases for a reliable estimate).,233.0,30.0,Reporting stnadards not met (too few cases for a reliable estimate).
"Total - Female, Two orm ore races, non-Hispanic",Female,"Two or more races, non-Hispanic",2562,19450.0,520.0,Reporting standards not met (too few cases for a reliable estimate).,233.0,30.0,Reporting standards not met (too few cases for a reliable estimate).
"Total - Female, Two or more races, non-Hispanic",Female,"Two or more races, lnon-Hispanic",2010,19450.0,520.0,Reporting standards not met (too few cases for a reliable estimate).,233.0,30.0,Reporting standards not met (too few cases for a reliable estimate).
"Total - Female, Two or more races, non-Hispanic",Female,"Two or more races, non-iHspanic",2011,19450.0,520.0,Reporting standards not met (too few cases or a reliable estimate).,233.0,30.0,Reporting standards not met (too few cases for a reliable estimate).
"Total - Female, Two or more races, nofn-Hispanic",Female,"Two or more races, non-Hispanic",2012,19450.0,520.0,Reporting standards not met (too few cases for a reliable estimate).,233.0,30.0,Reporting standards not met (too few cases for a reliable estimate).
