sexraceethnicity,sex,raceethnicity,yearvalue(long),percentage(double precision),standarderroronpercentage(double precision),notes
Total,Female,"American Indian/Alaska Native, non-Hispanic",2001,29.7,1.1,Reporting standards not met.
Total,Female,"American Indian/Alaska Native, non-Hispanic",2002,50.42893199982903,1.0,Reporting standards not met.
Total,Female,"American Indian/Alaska Native, non-Hispanic",2003,27.9,1.0,Reporting standards not met.
Total,Female,"American Indian/Alaska Native, non-Hispanic",1939,29.2,1.0,Reporting standards not met.
Total,Female,"American Indian/Alaska Native, non-Hispanic",2005,27.1,1.0,Reporting standards not met.
Total,Female,"American Indian/Alaska Native, non-Hispanic",2006,25.4,1.2,Reporting standards not met.
Total,Female,"American Indian/Alaska Native, non-Hispanic",2007,25.9,1.2,Reporting standards not met.
Total,Female,"American Indian/Alaska Native, non-Hispanic",2008,24.6,0.9,Reporting standards not met.
Total,Female,"American Indian/Alaska Native, non-Hispanic",2009,25.2,1.1,Reporting standards not met.
Total,Female,"American Indian/Alaska Native, non-Hispanic",2010,23.2,1.1,Reporting standards not met.
Total,Female,"American Indian/Alaska Native, non-Hispanic",2011,21.6,0.8,Reporting standards not met.
Total,Female,"American Indian/Alaska Native, non-Hispanic",2012,23.7,1.0,Reporting standards not met.
Total,Female,"American Indian/Alaska Native, non-Hispanic",2013,22.1,5.891983450914709,Reporting standards not met.
Total - Male,Male,"American Indian/Alaska Native, non-Hispanic",2001,36.0,1.3,Reporting standards not met.
Total - Male,Male,"American Indian/Alaska Native, non-Hispanic",2002,34.2,1.3,Reporting standards not met.
Total - Male,Male,"American Indian/Alaska Native, non-Hispanic",2003,34.2,1.2,Reporting standards not met.
Total - Male,Male,"American Indian/Alaska Native, non-Hispanic",2004,34.3,1.2,Reporting standards not met.
Total - Male,Male,"American Indian/Alaska Native, non-Hispanic",2005,32.6,1.4,Reporting standards not met.
Total - Male,Male,"American Indian/Alaska Native, non-Hispanic",2006,28.9,1.4,Reporting standards not met.
Total - Male,Male,"American Indian/Alaska Native, non-Hispanic",2007,30.7,1.5,Reporting standards not met.
Total - Male,Male,"American Indian/Alaska Native, non-Hispanic",2008,28.4,1.2,Reporting standards not met.
Total - Male,Male,"American Indian/Alaska Native, non-Hispanic",2009,30.5,1.6,Reporting standards not met.
Total - Male,Male,"American Indian/Alaska Native, non-Hispanic",2010,28.0,1.3,Reporting standards not met.
Total - Male,Male,"American Indian/Alaska Native, non-Hispanic",2011,25.5,1.1,Reporting standards not met.
Total - Male,Male,"American Indian/Alaska Native, non-Hispanic",2012,27.2,1.4,Reporting standards not met.
Total - Male,Male,"American Indian/Alaska Native, non-Hispanic",2013,26.1,1.2,Reporting standards not met.
Total - Female,Female,"American Indian/Alaska Native, non-Hispanic",2001,23.7,1.1,Reporting standards not met.
Total - Female,Female,"American Indian/Alaska Native, non-Hispanic",2002,23.0,1.1,Reporting standards not met.
Total - Female,Female,"American Indian/Alaska Native, non-Hispanic",2003,22.1,1.1,Reporting standards not met.
Total - Female,Female,"American Indian/Alaska Native, non-Hispanic",2004,24.2,1.1,Reporting standards not met.
Total - Female,Female,"American Indian/Alaska Native, non-Hispanic",2005,21.6,1.0,Reporting standards not met.
Total - Female,Female,"American Indian/Alaska Native, non-Hispanic",2006,21.5,1.2,Reporting standards not met.
Total - Female,Female,"American Indian/Alaska Native, non-Hispanic",1540,21.5,1.2,Reporting standards not met.
Total - Female,Female,"American Indian/Alaska Native, non-Hispanic",2008,21.3,0.9,Reporting standards not met.
Total - Female,Female,"American Indian/Alaska Native, non-Hispanic",2009,20.2,0.8,Reporting standards not met.
Total - Female,Female,"American Indian/Alaska Native, non-Hispanic",2010,18.4,1.0,Reporting standards not met.
Total - Female,Female,"American Indian/Alaska Native, non-Hispanic",2011,17.6,0.9,Reporting standards not met.
Total - Female,Female,"American Indian/Alaska Native, non-Hispanic",2012,19.7,0.9,Reporting standards not met.
Total - Female,Female,"American Indian/Alaska Native, non-Hispanic",1461,18.1,0.9,Reporting standards not met.
"Total - White, non-Hispanic",Female,"White, non-Hispanic",2001,34.5,1.0,Reporting standards not met.
"Total - White, non-Hispanic",Female,"White, non-Hispanic",2109,53.86634583766878,1.2,Reporting standards not met.
"Total - White, non-Hispanic",Female,"White, non-Hispanic",2003,31.9,5.217429463750471,Reporting standards not met.
"Total - White, non-Hispanic",Female,"White, non-Hispanic",2004,33.1,4.9154737936483,Reporting standards not met.
"Total - White, non-Hispanic",Female,"White, non-Hispanic",2742,31.8,1.0,Reporting standards not met.
"Total - White, non-Hispanic",Female,"White, non-Hispanic",2006,50.17729260118909,1.5,Reporting standards not met.
"Total - White, non-Hispanic",Female,"White, non-Hispanic",2007,30.5,1.6,Reporting standards not met.
"Total - White, non-Hispanic",Female,"White, non-Hispanic",2008,29.3,1.1,Reporting standards not met.
"Total - White, non-Hispanic",Female,"White, non-Hispanic",1473,28.7,1.4,Reporting standards not met.
"Total - White, non-Hispanic",Female,"White, non-Hispanic",2010,26.5,1.4,Reporting standards not met.
"Total - White, non-Hispanic",Female,"White, non-Hispanic",2011,25.3,1.1,Reporting standards not met.
"Total - White, non-Hispanic",Female,"White, non-Hispanic",2012,26.2,1.2,Reporting standards not met.
"Total - White, non-Hispanic",Female,"White, non-Hispanic",2013,25.0,1.2,Reporting standards not met.
"Total - Black, non-Hispanic",Female,"Black, non-Hispanic",2001,12.6,1.5,Reporting standards not met.
"Total - Black, non-Hispanic",Female,"Black, non-Hispanic",2002,10.4,1.1,Reporting standards not met.
"Total - Black, non-Hispanic",Female,"Black, non-Hispanic",2003,11.1,1.2,Reporting standards not met.
"Total - Black, non-Hispanic",Female,"Black, non-Hispanic",2004,11.7,1.1,Reporting standards not met.
"Total - Black, non-Hispanic",Female,"Black, non-Hispanic",2005,10.9,1.0,Reporting standards not met.
"Total - Black, non-Hispanic",Female,"Black, non-Hispanic",1173,11.9,1.2,Reporting standards not met.
"Total - Black, non-Hispanic",Female,"Black, non-Hispanic",2007,11.0,1.3,Reporting standards not met.
"Total - Black, non-Hispanic",Female,"Black, non-Hispanic",2310,53.55767670787275,1.0,Reporting standards not met.
"Total - Black, non-Hispanic",Female,"Black, non-Hispanic",2009,13.7,1.6,Reporting standards not met.
"Total - Black, non-Hispanic",Female,"Black, non-Hispanic",2010,12.6,1.2,Reporting standards not met.
"Total - Black, non-Hispanic",Female,"Black, non-Hispanic",2011,10.0,0.8,Reporting standards not met.
"Total - Black, non-Hispanic",Female,"Black, non-Hispanic",2012,13.0,1.1,Reporting standards not met.
"Total - Black, non-Hispanic",Female,"Black, non-Hispanic",2013,12.0,1.2,Reporting standards not met.
Total - Hispanic,Female,Hispanic,2001,26.7,2.0,Reporting standards not met.
Total - Hispanic,Female,Hispanic,2002,26.1,1.9,Reporting standards not met.
Total - Hispanic,Female,Hispanic,2003,25.6,1.6,Reporting standards not met.
Total - Hispanic,Female,Hispanic,2004,26.4,1.7,Reporting standards not met.
Total - Hispanic,Female,Hispanic,2005,22.1,1.9,Reporting standards not met.
Total - Hispanic,Female,Hispanic,2006,24.0,1.6,Reporting standards not met.
Total - Hispanic,Female,Hispanic,2007,20.9,1.3,Reporting standards not met.
Total - Hispanic,Female,Hispanic,2008,22.1,1.3,Reporting standards not met.
Total - Hispanic,Female,Hispanic,2009,22.9,5.201150242929271,Reporting standards not met.
Total - Hispanic,Female,Hispanic,2010,21.8,1.2,Reporting standards not met.
Total - Hispanic,Female,Hispanic,2011,47.6258482746678,1.2,Reporting standards not met.
Total - Hispanic,Female,Hispanic,2012,23.5,1.5,Reporting standards not met.
Total - Hispanic,Female,Hispanic,1288,21.8,1.4,Reporting standards not met.
"Total - Asian, non-Hispanic",Female,"Asian, non-Hispanic",2001,13.9,1.8,Reporting standards not met.
"Total - Asian, non-Hispanic",Female,"Asian, non-Hispanic",2002,17.2,2.1,Reporting standards not met.
"Total - Asian, non-Hispanic",Female,"Asian, non-Hispanic",2003,14.4,1.4,Reporting standards not met.
"Total - Asian, non-Hispanic",Female,"Asian, non-Hispanic",2004,16.1,1.8,Reporting standards not met.
"Total - Asian, non-Hispanic",Female,"Asian, non-Hispanic",2005,13.3,1.6,Reporting standards not met.
"Total - Asian, non-Hispanic",Female,"Asian, non-Hispanic",2006,14.7,2.1,Reporting standards not met.
"Total - Asian, non-Hispanic",Female,"Asian, non-Hispanic",2007,16.1,5.020736236981488,Reporting standards not met.
"Total - Asian, non-Hispanic",Female,"Asian, non-Hispanic",2008,13.7,1.9,Reporting standards not met.
"Total - Asian, non-Hispanic",Female,"Asian, non-Hispanic",2009,13.3,1.9,Reporting standards not met.
"Total - Asian, non-Hispanic",Female,"Asian, non-Hispanic",2010,14.8,1.8,Reporting standards not met.
"Total - Asian, non-Hispanic",Female,"Asian, non-Hispanic",2011,11.6,1.4,Reporting standards not met.
"Total - Asian, non-Hispanic",Female,"Asian, non-Hispanic",2012,12.7,1.7,Reporting standards not met.
"Total - Asian, non-Hispanic",Female,"Asian, non-Hispanic",2103,10.8,1.9,Reporting standards not met.
"Total - Pacific Islander, non-Hispanic",Female,"Pacific Islander, non-Hispanic",2001,22.1,1.2,Data not available.
"Total - Pacific Islander, non-Hispanic",Female,"Pacific Islander, non-Hispanic",2002,22.1,1.2,Data not available.
"Total - Pacific Islander, non-Hispanic",Female,"Pacific Islander, non-Hispanic",2003,22.1,1.2,Data not available.
"Total - Pacific Islander, non-Hispanic",Female,"Pacific Islander, non-Hispanic",2004,52.91632587966248,1.2,Data not available.
"Total - Pacific Islander, non-Hispanic",Female,"Pacific Islander, non-Hispanic",2005,19.5,3.9,Reporting standards not met.
"Total - Pacific Islander, non-Hispanic",Female,"Pacific Islander, non-Hispanic",2006,54.46302331144631,5.0,Reporting standards not met.
"Total - Pacific Islander, non-Hispanic",Female,"Pacific Islander, non-Hispanic",2007,23.1,3.5,Reporting standards not met.
"Total - Pacific Islander, non-Hispanic",Female,"Pacific Islander, non-Hispanic",2008,52.35792290520333,4.1,Reporting standards not met.
"Total - Pacific Islander, non-Hispanic",Female,"Pacific Islander, non-Hispanic",1618,28.2,5.4,Reporting standards not met.
"Total - Pacific Islander, non-Hispanic",Female,"Pacific Islander, non-Hispanic",2010,23.9,3.7,Reporting standards not met.
"Total - Pacific Islander, non-Hispanic",Female,"Pacific Islander, non-Hispanic",2011,24.5,4.3,Reporting standards not met.
"Total - Pacific Islander, non-Hispanic",Female,"Pacific Islander, non-Hispanic",1757,33.8,5.8,Reporting standards not met.
"Total - Pacific Islander, non-Hispanic",Female,"Pacific Islander, non-Hispanic",2013,16.7,5.4,Reporting standards not met.
"Total - American Indian/Alaska Native, non-Hispanic",Female,"American Indian/Alaska Native, non-Hispanic",2001,32.9,4.9,Reporting standards not met.
"Total - American Indian/Alaska Native, non-Hispanic",Female,"American Indian/Alaska Native, non-Hispanic",2405,24.5,5.1,Reporting standards not met.
"Total - American Indian/Alaska Native, non-Hispanic",Female,"American Indian/Alaska Native, non-Hispanic",2003,41.9,4.1,Reporting standards not met.
"Total - American Indian/Alaska Native, non-Hispanic",Female,"American Indian/Alaska Native, non-Hispanic",2004,29.6,6.0,Reporting standards not met.
"Total - American Indian/Alaska Native, non-Hispanic",Female,"American Indian/Alaska Native, non-Hispanic",2005,22.9,4.0,Reporting standards not met.
"Total - American Indian/Alaska Native, non-Hispanic",Female,"American Indian/Alaska Native, non-Hispanic",2006,25.0,5.8,Reporting standards not met.
"Total - American Indian/Alaska Native, non-Hispanic",Female,"American Indian/Alaska Native, non-Hispanic",2007,31.5,4.4,Reporting standards not met.
"Total - American Indian/Alaska Native, non-Hispanic",Female,"American Indian/Alaska Native, non-Hispanic",2008,19.8,3.5,Reporting standards not met.
"Total - American Indian/Alaska Native, non-Hispanic",Female,"American Indian/Alaska Native, non-Hispanic",2009,33.6,5.2,Reporting standards not met.
"Total - American Indian/Alaska Native, non-Hispanic",Female,"American Indian/Alaska Native, non-Hispanic",2010,17.6,3.3,Reporting standards not met.
"Total - American Indian/Alaska Native, non-Hispanic",Female,"American Indian/Alaska Native, non-Hispanic",2011,20.9,3.0,Reporting standards not met.
"Total - American Indian/Alaska Native, non-Hispanic",Female,"American Indian/Alaska Native, non-Hispanic",2012,20.5,4.3,Reporting standards not met.
"Total - American Indian/Alaska Native, non-Hispanic",Female,"American Indian/Alaska Native, non-Hispanic",2013,21.5,6.0,Reporting standards not met.
"Total - Two or more races, non-Hispanic",Female,"Two or more races, non-Hispanic",1150,22.1,1.2,Data not available.
"Total - Two or more races, non-Hispanic",Female,"Two or more races, non-Hispanic",2002,22.1,1.2,Data not available.
"Total - Two or more races, non-Hispanic",Female,"Two or more races, non-Hispanic",2003,22.1,1.2,Data not available.
"Total - Two or more races, non-Hispanic",Female,"Two or more races, non-Hispanic",2004,22.1,1.2,Data not available.
"Total - Two or more races, non-Hispanic",Female,"Two or more races, non-Hispanic",2005,20.6,3.9,Reporting standards not met.
"Total - Two or more races, non-Hispanic",Female,"Two or more races, non-Hispanic",2006,19.3,2.4,Reporting standards not met.
"Total - Two or more races, non-Hispanic",Female,"Two or more races, non-Hispanic",2007,17.3,2.2,Reporting standards not met.
"Total - Two or more races, non-Hispanic",Female,"Two or more races, non-Hispanic",1067,21.4,2.4,Reporting standards not met.
"Total - Two or more races, non-Hispanic",Female,"Two or more races, non-Hispanic",2009,53.87509862871912,2.7,Reporting standards not met.
"Total - Two or more races, non-Hispanic",Female,"Two or more races, non-Hispanic",2010,19.0,2.2,Reporting standards not met.
"Total - Two or more races, non-Hispanic",Female,"Two or more races, non-Hispanic",2011,23.0,2.1,Reporting standards not met.
"Total - Two or more races, non-Hispanic",Female,"Two or more races, non-Hispanic",1791,21.3,2.1,Reporting standards not met.
"Total - Two or more races, non-Hispanic",Female,"Two or more races, non-Hispanic",2013,17.2,1.8,Reporting standards not met.
"Total - Male, White, non-Hispanic",Male,"White, non-Hispanic",2001,54.23876000492783,1.3,Reporting standards not met.
"Total - Male, White, non-Hispanic",Male,"White, non-Hispanic",2002,38.5,1.4,Reporting standards not met.
"Total - Male, White, non-Hispanic",Male,"White, non-Hispanic",2003,37.7,1.3,Reporting standards not met.
"Total - Male, White, non-Hispanic",Male,"White, non-Hispanic",2004,38.4,1.3,Reporting standards not met.
"Total - Male, White, non-Hispanic",Male,"White, non-Hispanic",2005,37.5,1.3,Reporting standards not met.
"Total - Male, White, non-Hispanic",Male,"White, non-Hispanic",2006,32.5,1.8,Reporting standards not met.
"Total - Male, White, non-Hispanic",Male,"White, non-Hispanic",2007,50.91308913510765,1.9,Reporting standards not met.
"Total - Male, White, non-Hispanic",Male,"White, non-Hispanic",2008,33.6,1.5,Reporting standards not met.
"Total - Male, White, non-Hispanic",Male,"White, non-Hispanic",2704,34.3,2.1,Reporting standards not met.
"Total - Male, White, non-Hispanic",Male,"White, non-Hispanic",1768,31.8,1.7,Reporting standards not met.
"Total - Male, White, non-Hispanic",Male,"White, non-Hispanic",2011,29.9,1.5,Reporting standards not met.
"Total - Male, White, non-Hispanic",Male,"White, non-Hispanic",2012,30.1,1.6,Reporting standards not met.
"Total - Male, White, non-Hispanic",Male,"White, non-Hispanic",2013,29.6,1.3,Reporting standards not met.
"Total - Male, Black, non-Hispanic",Male,"Black, non-Hispanic",2001,55.840925116198285,1.9,Reporting standards not met.
"Total - Male, Black, non-Hispanic",Male,"Black, non-Hispanic",2002,15.6,2.1,Reporting standards not met.
"Total - Male, Black, non-Hispanic",Male,"Black, non-Hispanic",2003,17.4,2.0,Reporting standards not met.
"Total - Male, Black, non-Hispanic",Male,"Black, non-Hispanic",2004,16.6,1.9,Reporting standards not met.
"Total - Male, Black, non-Hispanic",Male,"Black, non-Hispanic",1207,14.4,1.8,Reporting standards not met.
"Total - Male, Black, non-Hispanic",Male,"Black, non-Hispanic",2006,14.5,5.9311461606982805,Reporting standards not met.
"Total - Male, Black, non-Hispanic",Male,"Black, non-Hispanic",2007,16.2,1.9,Reporting standards not met.
"Total - Male, Black, non-Hispanic",Male,"Black, non-Hispanic",2008,13.2,6.0420266232908775,Reporting standards not met.
"Total - Male, Black, non-Hispanic",Male,"Black, non-Hispanic",2009,18.5,5.470517959732417,Reporting standards not met.
"Total - Male, Black, non-Hispanic",Male,"Black, non-Hispanic",2010,48.20390720428785,1.8,Reporting standards not met.
"Total - Male, Black, non-Hispanic",Male,"Black, non-Hispanic",2725,12.8,1.4,Reporting standards not met.
"Total - Male, Black, non-Hispanic",Male,"Black, non-Hispanic",1770,15.0,1.7,Reporting standards not met.
"Total - Male, Black, non-Hispanic",Male,"Black, non-Hispanic",2013,15.1,1.6,Reporting standards not met.
"Total - Male, Hispanic",Male,Hispanic,2001,32.4,2.7,Reporting standards not met.
"Total - Male, Hispanic",Male,Hispanic,2002,30.6,2.6,Reporting standards not met.
"Total - Male, Hispanic",Male,Hispanic,2243,31.1,2.7,Reporting standards not met.
"Total - Male, Hispanic",Male,Hispanic,2004,29.0,2.7,Reporting standards not met.
"Total - Male, Hispanic",Male,Hispanic,2005,27.1,3.1,Reporting standards not met.
"Total - Male, Hispanic",Male,Hispanic,1645,29.2,1.8,Reporting standards not met.
"Total - Male, Hispanic",Male,Hispanic,2007,26.6,2.0,Reporting standards not met.
"Total - Male, Hispanic",Male,Hispanic,2008,25.2,2.2,Reporting standards not met.
"Total - Male, Hispanic",Male,Hispanic,1663,27.6,1.8,Reporting standards not met.
"Total - Male, Hispanic",Male,Hispanic,2010,26.0,1.6,Reporting standards not met.
"Total - Male, Hispanic",Male,Hispanic,2011,22.1,1.5,Reporting standards not met.
"Total - Male, Hispanic",Male,Hispanic,2012,25.9,2.2,Reporting standards not met.
"Total - Male, Hispanic",Male,Hispanic,1300,23.5,1.9,Reporting standards not met.
"Total - Male, Asian, non-Hispanic",Male,"Asian, non-Hispanic",2001,49.51672701404908,2.6,Reporting standards not met.
"Total - Male, Asian, non-Hispanic",Male,"Asian, non-Hispanic",2002,22.8,2.6,Reporting standards not met.
"Total - Male, Asian, non-Hispanic",Male,"Asian, non-Hispanic",2003,20.8,2.6,Reporting standards not met.
"Total - Male, Asian, non-Hispanic",Male,"Asian, non-Hispanic",1092,19.9,2.9,Reporting standards not met.
"Total - Male, Asian, non-Hispanic",Male,"Asian, non-Hispanic",3027,17.3,3.1,Reporting standards not met.
"Total - Male, Asian, non-Hispanic",Male,"Asian, non-Hispanic",2006,16.6,2.4,Reporting standards not met.
"Total - Male, Asian, non-Hispanic",Male,"Asian, non-Hispanic",2007,18.9,2.4,Reporting standards not met.
"Total - Male, Asian, non-Hispanic",Male,"Asian, non-Hispanic",2008,13.7,2.1,Reporting standards not met.
"Total - Male, Asian, non-Hispanic",Male,"Asian, non-Hispanic",2009,15.4,2.6,Reporting standards not met.
"Total - Male, Asian, non-Hispanic",Male,"Asian, non-Hispanic",1790,19.2,3.4,Reporting standards not met.
"Total - Male, Asian, non-Hispanic",Male,"Asian, non-Hispanic",2011,13.4,2.3,Reporting standards not met.
"Total - Male, Asian, non-Hispanic",Male,"Asian, non-Hispanic",2012,15.9,2.5,Reporting standards not met.
"Total - Male, Asian, non-Hispanic",Male,"Asian, non-Hispanic",1073,15.9,3.7,Reporting standards not met.
"Total - Male, Pacific Islander, non-Hispanic",Male,"Pacific Islander, non-Hispanic",2249,22.1,1.2,Data not available.
"Total - Male, Pacific Islander, non-Hispanic",Male,"Pacific Islander, non-Hispanic",2002,22.1,1.2,Data not available.
"Total - Male, Pacific Islander, non-Hispanic",Male,"Pacific Islander, non-Hispanic",2003,22.1,1.2,Data not available.
"Total - Male, Pacific Islander, non-Hispanic",Male,"Pacific Islander, non-Hispanic",2004,22.1,1.2,Data not available.
"Total - Male, Pacific Islander, non-Hispanic",Male,"Pacific Islander, non-Hispanic",2005,22.1,1.2,Reporting standards not met.
"Total - Male, Pacific Islander, non-Hispanic",Male,"Pacific Islander, non-Hispanic",2006,18.7,5.3,Reporting standards not met.
"Total - Male, Pacific Islander, non-Hispanic",Male,"Pacific Islander, non-Hispanic",2007,24.7,5.1,Reporting standards not met.
"Total - Male, Pacific Islander, non-Hispanic",Male,"Pacific Islander, non-Hispanic",2008,23.4,5.2,Reporting standards not met.
"Total - Male, Pacific Islander, non-Hispanic",Male,"Pacific Islander, non-Hispanic",2009,22.1,1.2,Reporting standards not met.
"Total - Male, Pacific Islander, non-Hispanic",Male,"Pacific Islander, non-Hispanic",2010,22.1,1.2,Reporting standards not met.
"Total - Male, Pacific Islander, non-Hispanic",Male,"Pacific Islander, non-Hispanic",2011,22.1,1.2,Reporting standards not met.
"Total - Male, Pacific Islander, non-Hispanic",Male,"Pacific Islander, non-Hispanic",2818,22.1,1.2,Reporting standards not met.
"Total - Male, Pacific Islander, non-Hispanic",Male,"Pacific Islander, non-Hispanic",2013,22.1,1.2,Reporting standards not met.
"Total - Male, American Indian/Alaska Native, non-Hispanic",Male,"American Indian/Alaska Native, non-Hispanic",2001,22.1,6.09209005127465,Reporting standards not met.
"Total - Male, American Indian/Alaska Native, non-Hispanic",Male,"American Indian/Alaska Native, non-Hispanic",2534,22.1,1.2,Reporting standards not met.
"Total - Male, American Indian/Alaska Native, non-Hispanic",Male,"American Indian/Alaska Native, non-Hispanic",2003,45.3,5.7,Reporting standards not met.
"Total - Male, American Indian/Alaska Native, non-Hispanic",Male,"American Indian/Alaska Native, non-Hispanic",2004,55.60732662621161,7.8,Reporting standards not met.
"Total - Male, American Indian/Alaska Native, non-Hispanic",Male,"American Indian/Alaska Native, non-Hispanic",2005,28.0,5.5,Reporting standards not met.
"Total - Male, American Indian/Alaska Native, non-Hispanic",Male,"American Indian/Alaska Native, non-Hispanic",2006,31.7,7.3,Reporting standards not met.
"Total - Male, American Indian/Alaska Native, non-Hispanic",Male,"American Indian/Alaska Native, non-Hispanic",2007,22.1,1.2,Reporting standards not met.
"Total - Male, American Indian/Alaska Native, non-Hispanic",Male,"American Indian/Alaska Native, non-Hispanic",2008,22.1,1.2,Reporting standards not met.
"Total - Male, American Indian/Alaska Native, non-Hispanic",Male,"American Indian/Alaska Native, non-Hispanic",2009,22.1,6.444955546890163,Reporting standards not met.
"Total - Male, American Indian/Alaska Native, non-Hispanic",Male,"American Indian/Alaska Native, non-Hispanic",2010,22.5,3.4,Reporting standards not met.
"Total - Male, American Indian/Alaska Native, non-Hispanic",Male,"American Indian/Alaska Native, non-Hispanic",2011,24.4,4.2,Reporting standards not met.
"Total - Male, American Indian/Alaska Native, non-Hispanic",Male,"American Indian/Alaska Native, non-Hispanic",2215,22.1,1.2,Reporting standards not met.
"Total - Male, American Indian/Alaska Native, non-Hispanic",Male,"American Indian/Alaska Native, non-Hispanic",2733,22.1,1.2,Reporting standards not met.
"Total - Male, Two or more races, non-Hispanic",Male,"Two or more races, non-Hispanic",2001,22.1,1.2,Data not available.
"Total - Male, Two or more races, non-Hispanic",Male,"Two or more races, non-Hispanic",2002,22.1,1.2,Data not available.
"Total - Male, Two or more races, non-Hispanic",Male,"Two or more races, non-Hispanic",2003,22.1,1.2,Data not available.
"Total - Male, Two or more races, non-Hispanic",Male,"Two or more races, non-Hispanic",2004,22.1,1.2,Data not available.
"Total - Male, Two or more races, non-Hispanic",Male,"Two or more races, non-Hispanic",2226,25.8,6.7,Reporting standards not met.
"Total - Male, Two or more races, non-Hispanic",Male,"Two or more races, non-Hispanic",2006,18.0,3.5,Reporting standards not met.
"Total - Male, Two or more races, non-Hispanic",Male,"Two or more races, non-Hispanic",2007,21.8,3.4,Reporting standards not met.
"Total - Male, Two or more races, non-Hispanic",Male,"Two or more races, non-Hispanic",2733,23.2,3.7,Reporting standards not met.
"Total - Male, Two or more races, non-Hispanic",Male,"Two or more races, non-Hispanic",2009,24.5,4.2,Reporting standards not met.
"Total - Male, Two or more races, non-Hispanic",Male,"Two or more races, non-Hispanic",2010,23.1,3.6,Reporting standards not met.
"Total - Male, Two or more races, non-Hispanic",Male,"Two or more races, non-Hispanic",2011,22.6,3.2,Reporting standards not met.
"Total - Male, Two or more races, non-Hispanic",Male,"Two or more races, non-Hispanic",2012,24.5,3.3,Reporting standards not met.
"Total - Male, Two or more races, non-Hispanic",Male,"Two or more races, non-Hispanic",2449,21.1,2.9,Reporting standards not met.
"Total - Female, White, non-Hispanic",Female,"White, non-Hispanic",1898,28.6,1.2,Reporting standards not met.
"Total - Female, White, non-Hispanic",Female,"White, non-Hispanic",2002,27.4,1.4,Reporting standards not met.
"Total - Female, White, non-Hispanic",Female,"White, non-Hispanic",1869,54.7510247994271,5.331368309324265,Reporting standards not met.
"Total - Female, White, non-Hispanic",Female,"White, non-Hispanic",2004,28.0,1.2,Reporting standards not met.
"Total - Female, White, non-Hispanic",Female,"White, non-Hispanic",2005,26.3,1.0,Reporting standards not met.
"Total - Female, White, non-Hispanic",Female,"White, non-Hispanic",2006,25.1,1.4,Reporting standards not met.
"Total - Female, White, non-Hispanic",Female,"White, non-Hispanic",2310,26.5,1.6,Reporting standards not met.
"Total - Female, White, non-Hispanic",Female,"White, non-Hispanic",2008,25.4,1.2,Reporting standards not met.
"Total - Female, White, non-Hispanic",Female,"White, non-Hispanic",2009,23.2,1.0,Reporting standards not met.
"Total - Female, White, non-Hispanic",Female,"White, non-Hispanic",2010,20.9,1.5,Reporting standards not met.
"Total - Female, White, non-Hispanic",Female,"White, non-Hispanic",2011,20.3,1.2,Reporting standards not met.
"Total - Female, White, non-Hispanic",Female,"White, non-Hispanic",2012,22.0,1.1,Reporting standards not met.
"Total - Female, White, non-Hispanic",Female,"White, non-Hispanic",2128,20.1,1.3,Reporting standards not met.
"Total - Female, Black, non-Hispanic",Female,"Black, non-Hispanic",2312,56.25886790552302,1.7,Reporting standards not met.
"Total - Female, Black, non-Hispanic",Female,"Black, non-Hispanic",2002,6.4,0.8,Reporting standards not met.
"Total - Female, Black, non-Hispanic",Female,"Black, non-Hispanic",2003,7.1,1.0,Reporting standards not met.
"Total - Female, Black, non-Hispanic",Female,"Black, non-Hispanic",2468,50.41088691781151,1.1,Reporting standards not met.
"Total - Female, Black, non-Hispanic",Female,"Black, non-Hispanic",2005,8.3,1.2,Reporting standards not met.
"Total - Female, Black, non-Hispanic",Female,"Black, non-Hispanic",2006,8.8,1.2,Reporting standards not met.
"Total - Female, Black, non-Hispanic",Female,"Black, non-Hispanic",1076,6.9,1.0,Reporting standards not met.
"Total - Female, Black, non-Hispanic",Female,"Black, non-Hispanic",2008,8.9,1.0,Reporting standards not met.
"Total - Female, Black, non-Hispanic",Female,"Black, non-Hispanic",2009,10.2,1.5,Reporting standards not met.
"Total - Female, Black, non-Hispanic",Female,"Black, non-Hispanic",2010,11.0,1.3,Reporting standards not met.
"Total - Female, Black, non-Hispanic",Female,"Black, non-Hispanic",2011,8.2,0.9,Reporting standards not met.
"Total - Female, Black, non-Hispanic",Female,"Black, non-Hispanic",2012,11.2,1.3,Reporting standards not met.
"Total - Female, Black, non-Hispanic",Female,"Black, non-Hispanic",2013,9.4,1.2,Reporting standards not met.
"Total - Female, Hispanic",Female,Hispanic,1312,22.1,2.0,Reporting standards not met.
"Total - Female, Hispanic",Female,Hispanic,2002,22.1,2.7,Reporting standards not met.
"Total - Female, Hispanic",Female,Hispanic,2003,21.5,1.7,Reporting standards not met.
"Total - Female, Hispanic",Female,Hispanic,2004,24.1,2.0,Reporting standards not met.
"Total - Female, Hispanic",Female,Hispanic,2005,17.2,1.7,Reporting standards not met.
"Total - Female, Hispanic",Female,Hispanic,2006,19.4,1.8,Reporting standards not met.
"Total - Female, Hispanic",Female,Hispanic,1305,16.4,1.4,Reporting standards not met.
"Total - Female, Hispanic",Female,Hispanic,2008,19.9,1.1,Reporting standards not met.
"Total - Female, Hispanic",Female,Hispanic,2009,18.6,1.6,Reporting standards not met.
"Total - Female, Hispanic",Female,Hispanic,2010,18.0,1.4,Reporting standards not met.
"Total - Female, Hispanic",Female,Hispanic,2011,17.4,1.5,Reporting standards not met.
"Total - Female, Hispanic",Female,Hispanic,2012,20.6,1.8,Reporting standards not met.
"Total - Female, Hispanic",Female,Hispanic,2013,20.1,1.5,Reporting standards not met.
"Total - Female, Asian, non-Hispanic",Female,"Asian, non-Hispanic",2001,10.5,3.1,Reporting standards not met.
"Total - Female, Asian, non-Hispanic",Female,"Asian, non-Hispanic",2002,10.7,2.8,Reporting standards not met.
"Total - Female, Asian, non-Hispanic",Female,"Asian, non-Hispanic",2003,8.4,1.4,Reporting standards not met.
"Total - Female, Asian, non-Hispanic",Female,"Asian, non-Hispanic",2004,11.7,6.641666222154072,Reporting standards not met.
"Total - Female, Asian, non-Hispanic",Female,"Asian, non-Hispanic",2005,9.2,1.8,Reporting standards not met.
"Total - Female, Asian, non-Hispanic",Female,"Asian, non-Hispanic",2006,11.6,2.1,Reporting standards not met.
"Total - Female, Asian, non-Hispanic",Female,"Asian, non-Hispanic",2007,13.1,1.8,Reporting standards not met.
"Total - Female, Asian, non-Hispanic",Female,"Asian, non-Hispanic",2008,12.9,2.6,Reporting standards not met.
"Total - Female, Asian, non-Hispanic",Female,"Asian, non-Hispanic",2009,11.4,1.9,Reporting standards not met.
"Total - Female, Asian, non-Hispanic",Female,"Asian, non-Hispanic",2010,10.8,2.6,Reporting standards not met.
"Total - Female, Asian, non-Hispanic",Female,"Asian, non-Hispanic",2011,54.49852812920909,3.0,Reporting standards not met.
"Total - Female, Asian, non-Hispanic",Female,"Asian, non-Hispanic",2012,9.3,2.7,Reporting standards not met.
"Total - Female, Asian, non-Hispanic",Female,"Asian, non-Hispanic",1769,5.6,1.1,Reporting standards not met.
"Total - Female, Pacific Islander, non-Hispanic",Female,"Pacific Islander, non-Hispanic",2001,22.1,1.2,Data not available.
"Total - Female, Pacific Islander, non-Hispanic",Female,"Pacific Islander, non-Hispanic",2273,22.1,1.2,Data not available.
"Total - Female, Pacific Islander, non-Hispanic",Female,"Pacific Islander, non-Hispanic",2003,22.1,1.2,Data not available.
"Total - Female, Pacific Islander, non-Hispanic",Female,"Pacific Islander, non-Hispanic",2004,22.1,1.2,Data not available.
"Total - Female, Pacific Islander, non-Hispanic",Female,"Pacific Islander, non-Hispanic",1218,22.1,1.2,Reporting standards not met.
"Total - Female, Pacific Islander, non-Hispanic",Female,"Pacific Islander, non-Hispanic",2006,22.1,1.2,Reporting standards not met.
"Total - Female, Pacific Islander, non-Hispanic",Female,"Pacific Islander, non-Hispanic",2007,20.3,3.0,Reporting standards not met.
"Total - Female, Pacific Islander, non-Hispanic",Female,"Pacific Islander, non-Hispanic",2008,22.7,5.698718468941857,Reporting standards not met.
"Total - Female, Pacific Islander, non-Hispanic",Female,"Pacific Islander, non-Hispanic",2009,13.8,3.0,Reporting standards not met.
"Total - Female, Pacific Islander, non-Hispanic",Female,"Pacific Islander, non-Hispanic",2010,22.1,1.2,Reporting standards not met.
"Total - Female, Pacific Islander, non-Hispanic",Female,"Pacific Islander, non-Hispanic",2820,22.1,1.2,Reporting standards not met.
"Total - Female, Pacific Islander, non-Hispanic",Female,"Pacific Islander, non-Hispanic",2669,22.1,1.2,Reporting standards not met.
"Total - Female, Pacific Islander, non-Hispanic",Female,"Pacific Islander, non-Hispanic",2013,22.1,1.2,Reporting standards not met.
"Total - Female, American Indian/Alaska Native, non-Hispanic",Female,"American Indian/Alaska Native, non-Hispanic",2001,22.1,1.2,Reporting standards not met.
"Total - Female, American Indian/Alaska Native, non-Hispanic",Female,"American Indian/Alaska Native, non-Hispanic",2002,22.1,1.2,Reporting standards not met.
"Total - Female, American Indian/Alaska Native, non-Hispanic",Female,"American Indian/Alaska Native, non-Hispanic",2003,22.1,1.2,Reporting standards not met.
"Total - Female, American Indian/Alaska Native, non-Hispanic",Female,"American Indian/Alaska Native, non-Hispanic",1640,22.1,1.2,Reporting standards not met.
"Total - Female, American Indian/Alaska Native, non-Hispanic",Female,"American Indian/Alaska Native, non-Hispanic",2005,11.3,3.9,Reporting standards not met.
"Total - Female, American Indian/Alaska Native, non-Hispanic",Female,"American Indian/Alaska Native, non-Hispanic",2006,22.1,1.2,Reporting standards not met.
"Total - Female, American Indian/Alaska Native, non-Hispanic",Female,"American Indian/Alaska Native, non-Hispanic",2007,27.1,4.3,Reporting standards not met.
"Total - Female, American Indian/Alaska Native, non-Hispanic",Female,"American Indian/Alaska Native, non-Hispanic",2008,22.1,1.2,Reporting standards not met.
"Total - Female, American Indian/Alaska Native, non-Hispanic",Female,"American Indian/Alaska Native, non-Hispanic",2009,30.2,1.2,Reporting standards not met.
"Total - Female, American Indian/Alaska Native, non-Hispanic",Female,"American Indian/Alaska Native, non-Hispanic",2010,11.1,3.6,Reporting standards not met.
"Total - Female, American Indian/Alaska Native, non-Hispanic",Female,"American Indian/Alaska Native, non-Hispanic",2011,15.2,2.8,Reporting standards not met.
"Total - Female, American Indian/Alaska Native, non-Hispanic",Female,"American Indian/Alaska Native, non-Hispanic",2012,15.9,2.7,Reporting standards not met.
"Total - Female, American Indian/Alaska Native, non-Hispanic",Female,"American Indian/Alaska Native, non-Hispanic",2013,22.1,1.2,Reporting standards not met.
"Total - Female, Two or more races, non-Hispanic",Female,"Two or more races, non-Hispanic",2265,22.1,1.2,Data not available.
"Total - Female, Two or more races, non-Hispanic",Female,"Two or more races, non-Hispanic",2002,22.1,1.2,Data not available.
"Total - Female, Two or more races, non-Hispanic",Female,"Two or more races, non-Hispanic",2003,22.1,1.2,Data not available.
"Total - Female, Two or more races, non-Hispanic",Female,"Two or more races, non-Hispanic",2004,51.714679694632046,1.2,Data not available.
"Total - Female, Two or more races, non-Hispanic",Female,"Two or more races, non-Hispanic",2005,14.5,4.4,Reporting standards not met.
"Total - Female, Two or more races, non-Hispanic",Female,"Two or more races, non-Hispanic",2006,19.2,3.4,Reporting standards not met.
"Total - Female, Two or more races, non-Hispanic",Female,"Two or more races, non-Hispanic",1396,13.8,2.6,Reporting standards not met.
"Total - Female, Two or more races, non-Hispanic",Female,"Two or more races, non-Hispanic",2008,19.2,2.9,Reporting standards not met.
"Total - Female, Two or more races, non-Hispanic",Female,"Two or more races, non-Hispanic",2009,18.6,3.6,Reporting standards not met.
"Total - Female, Two or more races, non-Hispanic",Female,"Two or more races, non-Hispanic",3000,16.8,2.8,Reporting standards not met.
"Total - Female, Two or more races, non-Hispanic",Female,"Two or more races, non-Hispanic",2011,23.0,2.4,Reporting standards not met.
"Total - Female, Two or more races, non-Hispanic",Female,"Two or more races, non-Hispanic",2012,18.4,2.5,Reporting standards not met.
"Total - Female, Two or more races, non-Hispanic",Female,"Two or more races, non-Hispanic",2013,14.1,5.812793195425415,Reporting standards not met.
